region_id,name,mix_alpha,k0_cons,k0_prod,k0_pick,k17_cons,k17_prod,k17_pick,k35_cons,k35_prod,k35_pick,k50_cons,k50_prod,k50_pick
0,Malaysia,0.65,6.5194,3.3565,base,0.8478,0.4365,solar,0.4448,0.229,wind,0.3602,0.1854,wind
1,Chile,0.0,15.8064,8.1112,base,9.8551,5.0573,solar,5.9312,3.0437,solar,3.0299,1.5548,solar
2,Bolivia,0.95,7.5809,6.1091,base,2.5862,2.0841,wind,0.7628,0.6147,wind,0.4932,0.3974,wind
3,Peru,0.9,6.0212,4.5608,base,1.0054,0.7616,wind,0.5309,0.4021,wind,0.4823,0.3653,wind
4,Dhekelia Sovereign Base Area,0.5,9.8278,7.0928,base,4.8932,3.5315,solar,2.4447,1.7644,solar,1.5904,1.1478,solar
5,Cyprus,0.15,8.4647,3.8105,base,4.8603,2.1879,solar,3.4591,1.5571,solar,2.8417,1.2792,solar
6,Israel,0.8,15.103,11.8017,base,9.5818,7.4874,wind,4.5928,3.5889,wind,2.3052,1.8013,wind
7,Palestine,0.6,14.7244,10.1958,base,8.7712,6.0735,wind,3.1185,2.1594,wind,2.1159,1.4652,wind
8,Lebanon,0.3,13.4128,7.913,base,9.1276,5.3849,wind,6.2456,3.6847,solar,3.9174,2.3111,solar
9,Ethiopia,0.8,4.3104,3.1201,base,0.5802,0.42,solar,0.5257,0.3806,solar,0.3762,0.2723,wind
10,South Sudan,1.0,8.1367,6.4645,base,2.4891,1.9775,wind,0.948,0.7532,wind,0.6768,0.5377,wind
11,Somalia,0.9,6.0755,4.7405,base,2.184,1.7041,solar,1.6321,1.2735,wind,1.0814,0.8437,wind
12,Kenya,0.9,5.0186,3.8721,base,1.5665,1.2086,solar,0.86,0.6635,wind,0.4347,0.3354,wind
13,Malawi,1.0,7.6973,5.8827,base,3.4982,2.6735,wind,2.3402,1.7885,wind,1.7264,1.3194,wind
14,United Republic of Tanzania,1.0,6.1191,4.8513,base,3.5946,2.8498,wind,3.0715,2.4351,wind,2.6205,2.0775,wind
15,Syria,0.85,20.0083,15.7852,base,14.3292,11.3048,wind,8.913,7.0317,wind,5.6797,4.4809,wind
16,Somaliland,1.0,5.4975,4.4176,base,1.1039,0.8871,wind,0.7649,0.6147,wind,0.6539,0.5255,wind
17,France,0.3,10.4193,8.0121,base,4.9603,3.8143,wind,3.9115,3.0078,wind,3.3197,2.5527,solar
18,Suriname,0.7,3.5595,2.1471,base,1.2531,0.7559,solar,0.6414,0.3869,solar,0.6414,0.3869,solar
19,Guyana,0.85,4.0052,2.713,base,1.0062,0.6816,solar,0.7315,0.4955,wind,0.6516,0.4414,wind
20,South Korea,0.3,10.0632,5.6539,base,5.0603,2.8431,solar,3.1721,1.7822,solar,2.2881,1.2856,solar
21,North Korea,0.55,16.7223,11.6676,base,9.3125,6.4976,wind,5.2401,3.6562,wind,3.8444,2.6823,wind
22,Morocco,0.9,15.4153,12.2392,base,9.6482,7.6603,wind,5.412,4.297,wind,2.9392,2.3336,wind
23,Western Sahara,0.3,12.2814,8.738,base,6.3945,4.5496,wind,3.3887,2.411,solar,2.032,1.4457,solar
24,Costa Rica,1.0,7.6065,5.9895,base,2.5406,2.0005,wind,1.1217,0.8833,wind,0.9636,0.7588,wind
25,Nicaragua,1.0,5.6181,4.2736,base,2.025,1.5404,wind,1.2212,0.9289,wind,0.8437,0.6418,wind
26,Republic of the Congo,0.65,4.3608,2.4493,base,0.9216,0.5176,solar,0.4993,0.2804,solar,0.4306,0.2418,wind
27,Bhutan,0.4,4.4338,1.8284,base,1.4539,0.5996,solar,0.9737,0.4015,wind,0.9165,0.3779,wind
28,Ukraine,0.35,7.1222,5.6616,base,3.0304,2.409,wind,2.2557,1.7931,wind,2.2557,1.7931,wind
29,Belarus,0.35,9.5063,7.4179,base,3.6389,2.8395,wind,2.7694,2.161,wind,2.7694,2.161,wind
30,Namibia,0.9,8.529,6.7985,base,2.2767,1.8147,wind,0.6558,0.5228,wind,0.4641,0.37,wind
31,South Africa,0.85,11.5562,9.2358,base,5.2379,4.1862,wind,1.33,1.063,wind,0.9088,0.7263,wind
32,Saint Martin,0.8,7.3115,6.0423,base,1.9366,1.6004,wind,0.9349,0.7726,wind,0.7771,0.6422,wind
33,Sint Maarten,0.8,7.3115,6.0423,base,1.9366,1.6004,wind,0.9349,0.7726,wind,0.7771,0.6422,wind
34,Oman,0.85,9.2492,7.5991,base,3.8683,3.1782,solar,1.8566,1.5254,wind,0.7579,0.6227,wind
35,Uzbekistan,0.0,11.5964,7.7234,base,7.0654,4.7057,solar,4.2742,2.8467,solar,2.5812,1.7191,solar
36,Tajikistan,0.2,18.0981,6.5446,base,10.749,3.887,wind,7.7282,2.7947,solar,4.9403,1.7865,solar
37,Lithuania,0.3,7.7303,6.1752,base,3.1326,2.5024,wind,2.6712,2.1338,wind,2.6712,2.1338,wind
38,Uruguay,0.35,9.7956,7.9269,base,3.9402,3.1885,wind,1.8582,1.5037,wind,1.5272,1.2359,solar
39,Czechia,0.2,16.1073,11.2557,base,8.6688,6.0577,wind,7.1864,5.0218,solar,6.3879,4.4638,solar
40,Germany,0.3,11.4943,9.0585,base,7.1358,5.6237,wind,4.2999,3.3887,wind,4.0548,3.1955,solar
41,Estonia,0.2,7.4631,5.5895,base,6.1479,4.6045,wind,5.9125,4.4282,wind,5.9125,4.4282,wind
42,Latvia,0.2,6.6743,4.7262,base,5.1041,3.6143,wind,4.8921,3.4642,wind,4.8921,3.4642,wind
43,Norway,0.15,10.8367,7.2047,base,6.8653,4.5643,wind,6.8653,4.5643,wind,6.8653,4.5643,wind
44,Sweden,0.1,11.5482,8.635,base,7.8826,5.8941,wind,6.8114,5.0931,solar,6.2289,4.6576,solar
45,Finland,0.1,8.688,6.205,base,6.3262,4.5182,wind,6.3262,4.5182,wind,6.3262,4.5182,wind
46,Vietnam,0.55,8.6013,5.4748,base,2.8878,1.8381,solar,1.8351,1.168,solar,1.4773,0.9403,solar
47,Cambodia,1.0,8.1286,6.3932,base,2.3229,1.827,wind,1.8534,1.4577,wind,1.3025,1.0244,wind
48,Luxembourg,0.3,13.9088,10.2577,base,9.3631,6.9052,solar,6.3991,4.7193,solar,5.0956,3.758,solar
49,United Arab Emirates,0.55,10.2207,8.14,base,3.9724,3.1638,wind,1.7525,1.3957,solar,0.9854,0.7848,solar
50,Belgium,0.3,8.4117,6.5481,base,4.164,3.2415,solar,3.4566,2.6908,wind,3.1961,2.488,solar
51,Georgia,0.0,15.0855,6.1285,base,11.1496,4.5295,solar,7.7324,3.1413,solar,5.5225,2.2435,solar
52,North Macedonia,0.6,18.811,12.5592,base,13.4508,8.9804,wind,8.7084,5.8142,wind,6.1289,4.092,wind
53,Albania,0.25,11.9122,6.2692,base,6.7304,3.5421,wind,5.0148,2.6392,solar,3.5093,1.8469,solar
54,Azerbaijan,0.15,16.0171,10.4712,base,12.2379,8.0006,wind,8.6711,5.6687,solar,7.2893,4.7654,solar
55,Kosovo,0.2,16.6667,7.3938,base,13.0358,5.783,wind,10.1432,4.4998,solar,7.4922,3.3237,solar
56,Turkey,0.9,21.9838,17.32,base,16.6541,13.121,wind,12.1083,9.5396,wind,9.7017,7.6435,wind
57,Spain,0.25,14.1822,9.9705,base,9.7784,6.8745,wind,6.969,4.8994,solar,4.5933,3.2292,solar
58,Laos,1.0,6.2827,4.7827,base,2.0768,1.5809,wind,1.0904,0.8301,wind,0.6818,0.519,wind
59,Kyrgyzstan,0.0,11.4465,2.3257,base,7.3616,1.4957,solar,4.3727,0.8885,solar,3.2499,0.6603,solar
60,Armenia,0.9,21.4598,16.3625,base,15.7941,12.0425,wind,10.2577,7.8212,wind,8.3464,6.3639,wind
61,Denmark,0.2,6.3691,4.8282,base,3.1725,2.405,wind,3.089,2.3417,solar,2.9231,2.2159,solar
62,Tunisia,0.15,15.7295,10.7692,base,10.8716,7.4432,solar,6.784,4.6447,solar,3.9415,2.6986,solar
63,Romania,0.15,12.8551,8.531,base,9.2907,6.1656,solar,8.0243,5.3251,solar,7.0157,4.6558,solar
64,Hungary,0.3,9.8248,7.0001,base,6.6206,4.7171,wind,6.0396,4.3032,wind,5.6394,4.0181,solar
65,Slovakia,0.25,18.0949,11.4146,base,12.902,8.1388,wind,11.219,7.0771,solar,9.5072,5.9973,solar
66,Poland,0.3,9.3893,7.023,base,3.8255,2.8614,wind,3.1149,2.3299,wind,3.1149,2.3299,wind
67,Ireland,0.2,7.6237,5.4338,base,3.5832,2.5539,solar,2.9621,2.1113,solar,2.6551,1.8924,solar
68,United Kingdom,0.3,5.7795,4.5159,base,3.4258,2.6767,wind,2.9792,2.3279,wind,2.9792,2.3279,wind
69,Greece,0.0,11.4023,4.8583,base,8.1366,3.4669,solar,5.7671,2.4572,solar,4.3007,1.8325,solar
70,Zambia,1.0,9.0114,7.2,base,4.679,3.7384,wind,3.2617,2.6061,wind,2.2243,1.7772,wind
71,Sierra Leone,0.95,8.732,6.7614,base,3.4336,2.6587,wind,1.6322,1.2639,wind,0.9564,0.7405,wind
72,Guinea,0.95,8.9815,7.2916,base,4.8688,3.9527,wind,2.2282,1.809,wind,1.0465,0.8496,wind
73,Liberia,0.45,5.9016,2.5165,base,2.0104,0.8572,solar,0.802,0.342,solar,0.7151,0.3049,solar
74,Central African Republic,1.0,9.5635,7.6437,base,4.2015,3.3581,wind,1.6306,1.3032,wind,1.2174,0.973,wind
75,Djibouti,0.95,5.0,3.9558,base,0.8722,0.69,wind,0.5819,0.4604,wind,0.4713,0.3729,wind
76,Eritrea,0.85,5.9158,4.6309,base,0.9307,0.7286,solar,0.4241,0.332,wind,0.2422,0.1896,wind
77,Austria,0.15,19.0818,9.545,base,13.2756,6.6406,wind,10.6158,5.3102,solar,8.4621,4.2329,solar
78,Iraq,0.45,15.617,11.4992,base,10.0257,7.3822,wind,6.0574,4.4603,wind,4.1167,3.0312,solar
79,Italy,0.05,13.1527,6.2803,base,10.8673,5.1891,solar,8.3082,3.9671,solar,6.1668,2.9446,solar
80,Switzerland,0.3,18.3209,8.9204,base,9.9091,4.8247,wind,7.4421,3.6235,wind,5.9485,2.8963,solar
81,Netherlands,0.25,5.8308,4.5162,base,2.7703,2.1457,wind,2.4228,1.8765,solar,2.3023,1.7832,solar
82,Liechtenstein,0.3,7.4572,4.0785,base,5.1598,2.822,wind,3.3076,1.809,wind,3.3076,1.809,wind
83,Ivory Coast,0.95,7.61,5.945,base,1.5507,1.2114,wind,0.6702,0.5236,wind,0.6323,0.494,wind
84,Republic of Serbia,0.2,10.2983,6.3642,base,8.6605,5.3521,wind,7.5187,4.6465,solar,6.6592,4.1153,solar
85,Mali,1.0,7.8428,6.4163,base,1.937,1.5847,wind,0.3651,0.2987,wind,0.3135,0.2565,wind
86,Senegal,1.0,9.8089,7.9733,base,2.1258,1.728,wind,0.9286,0.7548,wind,0.8078,0.6566,wind
87,Nigeria,0.85,9.0636,6.8064,base,2.855,2.144,solar,1.4535,1.0916,wind,0.8114,0.6093,wind
88,Benin,0.85,8.4062,6.3702,base,2.7748,2.1027,solar,1.5106,1.1447,wind,1.2069,0.9146,wind
89,Angola,1.0,4.4741,3.5909,base,1.6438,1.3193,wind,0.8812,0.7073,wind,0.7318,0.5873,wind
90,Croatia,0.15,16.1952,9.4351,base,11.0156,6.4176,wind,8.3787,4.8813,solar,6.2068,3.616,solar
91,Slovenia,0.25,22.9268,9.9896,base,17.5413,7.6431,wind,15.0836,6.5722,solar,12.3948,5.4006,solar
92,Qatar,0.5,10.0493,7.8054,base,4.3986,3.4164,solar,1.8988,1.4748,solar,1.1873,0.9222,solar
93,Botswana,1.0,10.2421,8.2349,base,4.0174,3.2301,wind,0.7858,0.6318,wind,0.408,0.328,wind
94,Zimbabwe,1.0,8.8468,6.8645,base,2.9172,2.2635,wind,0.8249,0.6401,wind,0.6918,0.5368,wind
95,Pakistan,0.95,13.1959,10.5584,base,9.4121,7.5309,wind,6.5169,5.2144,wind,4.5573,3.6465,wind
96,Bulgaria,0.0,14.1805,8.4767,base,9.7497,5.8281,solar,7.1183,4.2551,solar,5.5849,3.3385,solar
97,Thailand,0.95,8.7448,6.8845,base,2.4765,1.9496,wind,1.0207,0.8036,wind,0.5721,0.4504,wind
98,San Marino,0.25,13.1445,9.1912,base,8.839,6.1805,wind,7.146,4.9967,solar,5.9559,4.1646,solar
99,Haiti,1.0,8.4598,6.7319,base,4.2249,3.362,wind,1.5283,1.2161,wind,0.9293,0.7395,wind
100,Dominican Republic,0.85,8.4537,6.48,base,3.8652,2.9628,wind,1.3871,1.0632,wind,1.1466,0.8789,wind
101,Chad,1.0,7.0584,5.695,base,0.4903,0.3956,wind,0.2402,0.1938,wind,0.2106,0.1699,wind
102,Kuwait,0.1,10.2707,6.886,base,5.659,3.7941,solar,2.4891,1.6688,solar,1.9585,1.3131,solar
103,El Salvador,1.0,5.2362,4.1013,base,1.8135,1.4205,wind,1.1326,0.8871,wind,0.8951,0.7011,wind
104,Guatemala,1.0,6.7421,5.2981,base,2.7613,2.1699,wind,1.0336,0.8122,wind,0.6975,0.5481,wind
105,East Timor,0.9,8.1569,6.1398,base,2.5192,1.8962,wind,1.5385,1.1581,wind,1.2375,0.9315,wind
106,Brunei,0.95,6.3881,4.7884,base,1.9581,1.4677,wind,1.0652,0.7984,wind,0.9,0.6746,wind
107,Monaco,0.0,11.7108,3.9297,base,10.5954,3.5555,solar,9.197,3.0862,solar,8.0336,2.6958,solar
108,Mozambique,1.0,7.0964,5.3739,base,2.018,1.5282,wind,0.7495,0.5675,wind,0.6122,0.4636,wind
109,eSwatini,1.0,9.8713,7.4615,base,5.4269,4.102,wind,2.1691,1.6395,wind,0.7997,0.6045,wind
110,Burundi,0.95,6.6116,5.097,base,1.8137,1.3982,wind,1.1422,0.8805,wind,0.7419,0.572,wind
111,Rwanda,0.65,4.7266,2.6043,base,1.2294,0.6774,wind,0.575,0.3168,wind,0.4076,0.2246,wind
112,Myanmar,1.0,9.1825,7.2166,base,2.5969,2.041,wind,1.0217,0.8029,wind,0.856,0.6728,wind
113,Bangladesh,0.9,8.9644,7.0068,base,3.0903,2.4155,wind,1.1275,0.8813,wind,0.6528,0.5102,wind
114,Andorra,0.3,11.5543,6.6584,base,4.8067,2.7699,wind,3.8455,2.216,wind,3.2095,1.8495,solar
115,Afghanistan,0.9,18.0081,14.5251,base,13.6259,10.9905,wind,9.8728,7.9632,wind,7.8859,6.3607,wind
116,Montenegro,0.3,12.883,6.1728,base,7.772,3.7239,wind,6.1742,2.9583,wind,5.1207,2.4536,solar
117,Bosnia and Herzegovina,0.3,18.9064,9.6409,base,13.9313,7.104,wind,11.073,5.6465,solar,8.6843,4.4284,solar
118,Uganda,0.95,9.243,7.4571,base,1.3611,1.0981,wind,0.807,0.6511,wind,0.7178,0.5791,wind
119,US Naval Base Guantanamo Bay,0.1,2.5302,0.2541,base,1.0591,0.1063,solar,0.7078,0.0711,solar,0.6872,0.069,solar
120,Cuba,0.6,8.1018,5.4573,base,2.4764,1.668,solar,0.9439,0.6358,solar,0.8102,0.5457,solar
121,Honduras,0.95,6.5616,4.8743,base,2.1224,1.5766,wind,1.1569,0.8594,wind,0.7202,0.535,wind
122,Ecuador,0.3,3.8035,0.9329,base,0.8751,0.2146,wind,0.5009,0.1229,wind,0.443,0.1087,solar
123,Colombia,1.0,6.5109,5.0839,base,2.4138,1.8847,wind,0.8587,0.6705,wind,0.636,0.4966,wind
124,Paraguay,0.8,12.8665,9.8338,base,6.8546,5.2389,wind,4.7488,3.6295,wind,3.5813,2.7371,wind
125,Brazilian Island,0.2,12.9895,7.5805,base,8.9448,5.22,wind,6.1245,3.5742,solar,3.41,1.99,solar
126,Portugal,0.1,9.953,6.1906,base,8.1782,5.0867,solar,6.6985,4.1664,solar,5.4942,3.4173,solar
127,Moldova,0.3,12.8466,9.9462,base,4.9137,3.8043,wind,3.0447,2.3573,wind,3.0447,2.3573,wind
128,Turkmenistan,0.05,11.475,7.5059,base,7.2748,4.7585,solar,4.2351,2.7702,solar,2.4311,1.5902,solar
129,Jordan,0.75,15.607,12.4154,base,10.1223,8.0523,wind,5.4126,4.3057,wind,2.8329,2.2535,wind
130,Nepal,1.0,10.1417,8.1025,base,5.0008,3.9952,wind,1.4537,1.1614,wind,0.8163,0.6521,wind
131,Lesotho,0.9,13.5679,10.6348,base,8.6606,6.7883,wind,5.072,3.9755,wind,3.1356,2.4577,wind
132,Cameroon,1.0,8.4993,6.804,base,3.2474,2.5997,wind,1.055,0.8446,wind,0.6746,0.5401,wind
133,Gabon,0.05,0.4385,0.009,base,0.4182,0.0086,wind,0.4182,0.0086,wind,0.4182,0.0086,wind
134,Niger,1.0,8.409,6.8281,base,1.8117,1.4711,wind,0.4982,0.4046,wind,0.3743,0.3039,wind
135,Burkina Faso,0.9,6.7349,5.2934,base,1.2203,0.9591,wind,0.6366,0.5003,wind,0.3827,0.3008,wind
136,Togo,0.85,7.2397,5.3263,base,2.1726,1.5984,solar,0.7602,0.5593,wind,0.5597,0.4118,wind
137,Ghana,0.95,6.9822,5.4675,base,2.3478,1.8385,wind,0.6797,0.5322,wind,0.5864,0.4592,wind
138,Guinea-Bissau,1.0,9.9129,7.9106,base,4.1085,3.2786,wind,1.7032,1.3592,wind,1.1091,0.8851,wind
139,Gibraltar,0.0,11.5163,4.6157,base,7.1825,2.8787,solar,4.2481,1.7026,solar,3.0892,1.2381,solar
140,Belize,1.0,8.9989,6.9226,base,5.0056,3.8507,wind,1.7895,1.3766,wind,0.9798,0.7537,wind
141,Panama,1.0,7.2955,5.4892,base,3.2152,2.4192,wind,1.0028,0.7545,wind,0.9406,0.7077,wind
142,Venezuela,0.95,6.1521,4.7151,base,1.2737,0.9762,wind,0.7436,0.5699,wind,0.6525,0.5001,wind
143,Papua New Guinea,1.0,6.5318,4.7264,base,2.2385,1.6198,wind,0.7734,0.5596,wind,0.4791,0.3467,wind
144,Egypt,0.2,12.0763,8.3708,base,5.6262,3.8999,wind,3.0647,2.1244,solar,1.1876,0.8232,solar
145,Yemen,0.95,5.3579,4.3642,base,0.8257,0.6726,wind,0.3321,0.2705,wind,0.2088,0.1701,wind
146,Mauritania,0.3,8.6792,6.3865,base,2.9273,2.154,solar,1.114,0.8197,solar,0.663,0.4878,solar
147,Equatorial Guinea,0.75,4.505,2.9214,base,1.1903,0.7719,solar,0.7875,0.5107,wind,0.6823,0.4425,wind
148,Gambia,1.0,8.2956,6.7424,base,1.8302,1.4875,wind,1.3523,1.0991,wind,1.0526,0.8555,wind
149,Hong Kong S.A.R.,0.85,8.9979,6.4743,base,3.9907,2.8714,wind,1.6662,1.1989,wind,1.2515,0.9005,wind
150,Vatican,0.2,8.4753,5.4454,base,4.8711,3.1297,wind,3.9823,2.5587,solar,3.52,2.2616,solar
151,Northern Cyprus,0.5,8.516,5.847,base,4.7097,3.2337,solar,2.8542,1.9597,solar,1.9467,1.3366,solar
152,Cyprus No Mans Area,0.5,9.8278,7.0928,base,4.8932,3.5315,solar,2.4447,1.7644,solar,1.5904,1.1478,solar
153,Siachen Glacier,0.2,13.787,4.3469,base,9.3987,2.9633,wind,5.4711,1.725,solar,3.0435,0.9596,solar
154,Baykonur Cosmodrome,0.0,12.582,8.5196,base,7.4227,5.0261,solar,5.0619,3.4275,solar,3.8695,2.6201,solar
155,Akrotiri Sovereign Base Area,0.3,12.1535,4.9343,base,5.9256,2.4058,wind,3.9085,1.5869,wind,2.4089,0.978,solar
156,Southern Patagonian Ice Field,0.0,13.2608,8.8888,base,10.1285,6.7892,solar,8.53,5.7177,solar,7.2878,4.8851,solar
157,Bir Tawil,1.0,10.1877,8.251,base,3.926,3.1797,wind,0.9503,0.7697,wind,0.2802,0.227,wind
158,Fiji,0.35,8.7683,3.8001,base,3.8638,1.6745,wind,1.4429,0.6253,solar,0.7601,0.3294,solar
159,New Zealand,0.0,13.2128,3.7224,base,10.695,3.0131,solar,7.8617,2.2149,solar,5.5424,1.5615,solar
160,New Caledonia,0.25,6.9943,2.897,base,3.8703,1.6031,solar,1.9266,0.798,solar,1.0788,0.4468,solar
161,Madagascar,0.8,8.0134,6.401,base,2.2843,1.8246,solar,1.5752,1.2582,wind,0.9164,0.732,wind
162,Philippines,0.9,6.7867,5.0798,base,1.0147,0.7595,wind,0.5335,0.3994,wind,0.3578,0.2678,wind
163,Sri Lanka,1.0,7.5705,5.8719,base,4.2881,3.326,wind,2.4143,1.8726,wind,1.7559,1.3619,wind
164,Curaçao,1.0,5.1638,3.7896,base,3.3768,2.4782,wind,1.771,1.2997,wind,0.9295,0.6821,wind
165,Aruba,0.9,6.1699,4.9445,base,2.1995,1.7626,wind,1.2028,0.9639,wind,0.8735,0.7,wind
166,The Bahamas,0.3,7.6608,6.1097,base,2.0755,1.6552,solar,0.6713,0.5354,solar,0.442,0.3525,solar
167,Turks and Caicos Islands,0.45,7.0339,5.7747,base,2.4621,2.0213,solar,1.7741,1.4565,solar,1.2961,1.064,solar
168,Taiwan,0.25,7.3891,3.3085,base,2.2775,1.0198,solar,0.9371,0.4196,solar,0.6058,0.2712,solar
169,Japan,0.55,9.5838,6.9648,base,3.6876,2.6799,wind,2.1094,1.533,solar,1.4019,1.0188,solar
170,Saint Pierre and Miquelon,0.25,5.3012,4.2582,base,1.7509,1.4064,solar,1.1557,0.9283,solar,0.8122,0.6524,solar
171,Iceland,0.1,9.1878,6.5104,base,5.7035,4.0414,wind,5.7035,4.0414,wind,5.7035,4.0414,wind
172,Pitcairn Islands,0.55,5.7038,4.9092,base,2.3692,2.0392,wind,1.3009,1.1197,solar,0.9144,0.787,wind
173,French Polynesia,0.4,5.4688,4.4497,base,1.233,1.0032,solar,0.4667,0.3797,solar,0.3159,0.257,solar
174,French Southern and Antarctic Lands,0.05,4.8504,4.0001,base,1.1575,0.9546,solar,0.7412,0.6113,solar,0.4733,0.3903,solar
175,Seychelles,0.9,7.4968,5.9605,base,1.3737,1.0922,wind,0.654,0.52,wind,0.5357,0.4259,wind
176,Kiribati,0.85,7.5937,5.768,base,2.4424,1.8552,solar,0.7535,0.5724,wind,0.5363,0.4074,wind
177,Marshall Islands,0.95,5.6499,4.0921,base,0.618,0.4476,wind,0.4619,0.3346,wind,0.4229,0.3063,wind
178,Trinidad and Tobago,1.0,6.3395,4.6217,base,2.4266,1.769,wind,0.6386,0.4655,wind,0.4674,0.3408,wind
179,Grenada,1.0,6.4801,4.7577,base,2.5731,1.8891,wind,0.7091,0.5206,wind,0.5117,0.3757,wind
180,Saint Vincent and the Grenadines,0.65,6.7171,5.2999,base,1.5547,1.2267,solar,0.4719,0.3723,solar,0.4719,0.3723,solar
181,Barbados,0.65,6.7171,5.2999,base,1.5547,1.2267,solar,0.4719,0.3723,solar,0.4719,0.3723,solar
182,Saint Lucia,0.65,6.7171,5.2999,base,1.5547,1.2267,solar,0.4719,0.3723,solar,0.4719,0.3723,solar
183,Dominica,0.15,7.996,3.5253,base,3.8568,1.7004,solar,1.2962,0.5715,solar,0.7284,0.3211,solar
184,United States Minor Outlying Islands,0.75,6.6598,4.6735,base,1.3248,0.9297,solar,1.0231,0.718,solar,0.7947,0.5577,wind
185,Montserrat,1.0,7.1818,5.3196,base,1.6921,1.2534,wind,0.8261,0.6119,wind,0.6803,0.5039,wind
186,Antigua and Barbuda,0.8,7.3115,6.0423,base,1.9366,1.6004,wind,0.9349,0.7726,wind,0.7771,0.6422,wind
187,Saint Kitts and Nevis,1.0,7.1818,5.3196,base,1.6921,1.2534,wind,0.8261,0.6119,wind,0.6803,0.5039,wind
188,United States Virgin Islands,0.4,9.2074,4.1987,base,5.2368,2.3881,solar,2.1959,1.0014,solar,0.9906,0.4517,solar
189,Saint Barthelemy,0.8,7.3115,6.0423,base,1.9366,1.6004,wind,0.9349,0.7726,wind,0.7771,0.6422,wind
190,Puerto Rico,0.5,7.5246,3.8368,base,4.0589,2.0696,solar,1.4135,0.7208,solar,0.8082,0.4121,solar
191,Anguilla,0.8,7.3115,6.0423,base,1.9366,1.6004,wind,0.9349,0.7726,wind,0.7771,0.6422,wind
192,British Virgin Islands,0.9,9.3902,7.2617,base,4.4875,3.4703,wind,1.8061,1.3967,wind,0.8143,0.6297,wind
193,Jamaica,0.95,8.2328,6.11,base,3.2245,2.393,wind,0.8433,0.6259,wind,0.536,0.3978,wind
194,Cayman Islands,0.4,10.5705,6.8731,base,3.3603,2.1849,solar,1.2266,0.7976,solar,0.9347,0.6078,solar
195,Bermuda,0.3,5.8623,4.5448,base,1.8572,1.4398,wind,1.54,1.1939,wind,1.5145,1.1741,solar
196,Heard Island and McDonald Islands,0.05,4.6085,3.831,base,0.9751,0.8106,solar,0.5485,0.456,solar,0.5168,0.4297,solar
197,Saint Helena,0.5,12.4475,10.6065,base,6.7684,5.7673,wind,3.0257,2.5782,solar,1.4315,1.2198,solar
198,Mauritius,0.55,6.8912,4.9679,base,2.4732,1.783,solar,0.7266,0.5238,solar,0.5532,0.3988,solar
199,Comoros,0.9,7.4968,5.9605,base,1.3737,1.0922,wind,0.654,0.52,wind,0.5357,0.4259,wind
200,São Tomé and Principe,1.0,3.2157,2.149,base,0.5926,0.3961,wind,0.372,0.2486,wind,0.33,0.2206,wind
201,Cabo Verde,0.95,8.418,6.8344,base,2.1163,1.7182,wind,0.6144,0.4988,wind,0.5232,0.4248,wind
202,Malta,0.35,12.7901,9.728,base,6.8143,5.1829,wind,4.5147,3.4338,solar,3.6545,2.7795,solar
203,Jersey,0.15,11.0964,8.4038,base,4.41,3.3399,wind,3.891,2.9468,solar,3.3175,2.5125,solar
204,Guernsey,0.3,9.9135,8.3664,base,2.8721,2.4239,wind,2.2993,1.9405,wind,2.2993,1.9405,wind
205,Isle of Man,0.3,6.5718,4.7529,base,2.8767,2.0805,solar,2.3275,1.6833,solar,2.1345,1.5437,solar
206,Aland,0.15,4.3634,3.4875,base,1.9098,1.5264,wind,1.9098,1.5264,wind,1.9098,1.5264,wind
207,Faroe Islands,0.3,8.686,6.5332,base,3.8986,2.9324,wind,2.9104,2.1891,wind,2.9104,2.1891,wind
208,Indian Ocean Territories,0.8,4.3729,2.9476,base,1.4271,0.9619,solar,1.3361,0.9006,solar,1.1942,0.8049,wind
209,British Indian Ocean Territory,0.95,4.5736,3.368,base,2.6306,1.9372,solar,1.9921,1.467,wind,1.2883,0.9487,wind
210,Singapore,0.5,6.2244,3.1512,base,1.3404,0.6786,wind,0.8807,0.4458,solar,0.7482,0.3788,solar
211,Norfolk Island,0.65,7.006,5.3618,base,3.378,2.5852,solar,1.2866,0.9847,solar,1.1031,0.8442,wind
212,Cook Islands,0.85,7.5937,5.768,base,2.4424,1.8552,solar,0.7535,0.5724,wind,0.5363,0.4074,wind
213,Tonga,0.75,7.375,6.012,base,1.9436,1.5844,solar,1.2132,0.989,wind,1.0475,0.8539,wind
214,Wallis and Futuna,0.75,7.375,6.012,base,1.9436,1.5844,solar,1.2132,0.989,wind,1.0475,0.8539,wind
215,Samoa,0.65,5.8101,4.8648,base,1.7466,1.4624,solar,0.9229,0.7728,solar,0.9229,0.7728,solar
216,Solomon Islands,0.9,6.2538,4.3717,base,1.3405,0.937,wind,0.4827,0.3374,wind,0.4146,0.2898,wind
217,Tuvalu,0.8,4.9624,3.4683,base,1.0667,0.7455,solar,1.0038,0.7016,wind,0.8157,0.5701,wind
218,Maldives,0.9,6.6047,5.3225,base,4.2226,3.4029,solar,3.5249,2.8406,wind,2.6598,2.1434,wind
219,Nauru,0.05,1.7239,0.0774,base,0.6977,0.0313,wind,0.3916,0.0176,solar,0.3339,0.015,solar
220,Federated States of Micronesia,1.0,3.8832,2.6457,base,0.8006,0.5455,wind,0.6044,0.4118,wind,0.5091,0.3469,wind
221,South Georgia and the Islands,0.05,6.9487,4.1204,base,6.1565,3.6506,wind,6.1565,3.6506,wind,6.0027,3.5594,solar
222,Falkland Islands,0.0,7.1343,5.6347,base,3.5506,2.8043,solar,2.6818,2.1181,solar,2.1372,1.688,solar
223,Vanuatu,0.45,7.1633,4.1099,base,1.667,0.9564,solar,0.7294,0.4185,solar,0.4871,0.2795,solar
224,Niue,0.9,5.5018,4.285,base,1.8514,1.4419,wind,1.1042,0.86,wind,0.8806,0.6858,wind
225,American Samoa,0.9,5.5018,4.285,base,1.8514,1.4419,wind,1.1042,0.86,wind,0.8806,0.6858,wind
226,Palau,0.05,0.8602,0.0316,base,0.5992,0.022,wind,0.5992,0.022,wind,0.5945,0.0219,solar
227,Guam,0.5,2.0089,0.762,base,0.9164,0.3476,solar,0.6859,0.2602,solar,0.4869,0.1847,wind
228,Northern Mariana Islands,0.5,2.0089,0.762,base,0.9164,0.3476,solar,0.6859,0.2602,solar,0.4869,0.1847,wind
229,Bahrain,0.5,8.2194,6.8031,base,2.9208,2.4175,solar,1.2901,1.0678,solar,0.8805,0.7288,solar
230,Coral Sea Islands,0.95,10.9859,8.4146,base,6.1452,4.7069,wind,2.7838,2.1322,wind,1.2095,0.9264,wind
231,Spratly Islands,0.45,5.7834,2.275,base,2.0537,0.8079,solar,0.7567,0.2977,solar,0.4407,0.1734,solar
232,Clipperton Island,0.05,0.2523,0.0043,base,0.2262,0.0039,wind,0.2262,0.0039,wind,0.2262,0.0039,wind
233,Macao S.A.R,0.7,8.3045,6.6188,base,1.6404,1.3075,wind,0.8452,0.6736,wind,0.7199,0.5738,wind
234,Ashmore and Cartier Islands,0.7,9.0981,7.0287,base,2.8356,2.1906,wind,1.4236,1.0998,wind,1.0058,0.777,wind
235,Bajo Nuevo Bank (Petrel Is.),0.3,7.1365,2.1348,base,1.6123,0.4823,solar,0.7461,0.2232,solar,0.6012,0.1798,solar
236,Serranilla Bank,1.0,8.3497,6.3815,base,3.7763,2.8861,wind,1.263,0.9653,wind,0.5751,0.4395,wind
237,Scarborough Reef,0.5,7.8597,5.7562,base,1.7281,1.2656,solar,0.9657,0.7072,solar,0.7919,0.5799,solar
238,Entre Ríos,0.5,11.4795,9.0053,base,6.1888,4.8549,wind,2.4672,1.9354,wind,1.6124,1.2649,wind
239,Kalimantan Timur,0.05,0.1792,0.001,base,0.1712,0.001,wind,0.1712,0.001,wind,0.1712,0.001,wind
240,Salta,0.75,11.4877,8.8882,base,5.819,4.5023,wind,2.098,1.6233,wind,1.2893,0.9975,wind
241,Jujuy,1.0,9.4341,7.3687,base,4.7334,3.6971,wind,1.579,1.2333,wind,0.8882,0.6937,wind
242,Ladakh,0.95,14.8507,11.5991,base,9.5253,7.4397,wind,5.873,4.5871,wind,3.5645,2.7841,wind
243,Xinjiang,1.0,18.992,15.1458,base,14.6696,11.6987,wind,12.1364,9.6785,wind,10.5187,8.3885,wind
244,Xizang,0.9,11.4318,8.9057,base,6.8369,5.3262,wind,3.9412,3.0703,wind,2.2057,1.7183,wind
245,Arunachal Pradesh,0.05,1.3245,0.0422,base,1.287,0.041,solar,1.2452,0.0397,solar,1.2046,0.0384,solar
246,Équateur,1.0,5.8651,4.6205,base,1.2049,0.9492,wind,0.5768,0.4544,wind,0.4063,0.3201,wind
247,Bandundu,1.0,5.2875,4.1994,base,1.2783,1.0153,wind,0.5885,0.4674,wind,0.5107,0.4056,wind
248,Kinshasa City,0.95,5.6045,4.4377,base,2.4689,1.9549,wind,1.0548,0.8352,wind,0.9099,0.7205,wind
249,Bas-Congo,0.95,5.1581,4.1002,base,1.9344,1.5377,wind,0.9475,0.7532,wind,0.8552,0.6798,wind
250,East Kazakhstan,0.0,10.7639,7.8797,base,8.9579,6.5576,solar,7.032,5.1478,solar,5.7048,4.1762,solar
251,Almaty,0.0,10.8816,8.2494,base,8.0067,6.07,solar,5.8623,4.4443,solar,5.0456,3.8252,solar
252,Rio Grande do Sul,0.3,12.0707,8.806,base,7.0523,5.1449,solar,4.2067,3.0689,solar,2.0601,1.5029,solar
253,Dornod,0.0,14.5028,9.9118,base,9.4127,6.433,solar,6.2538,4.2741,solar,4.8223,3.2958,solar
254,Inner Mongol,0.3,11.7006,10.0125,base,7.0703,6.0502,wind,5.3834,4.6067,wind,4.1092,3.5164,solar
255,Bayan-Ölgiy,0.25,18.7147,10.5224,base,15.4829,8.7054,wind,12.3885,6.9655,solar,10.2347,5.7545,solar
256,Hovd,1.0,24.6983,18.8571,base,21.1895,16.1781,wind,17.9738,13.7229,wind,15.4413,11.7894,wind
257,Sühbaatar,0.0,15.1144,11.1451,base,7.6984,5.6767,solar,5.6193,4.1436,solar,4.0678,2.9995,solar
258,Dornogovi,0.0,11.1216,9.3004,base,7.0887,5.9279,solar,4.6952,3.9264,solar,3.5603,2.9773,solar
259,Govi-Altay,0.4,21.8912,17.5219,base,17.4687,13.9821,solar,13.7606,11.0141,solar,11.0454,8.8409,solar
260,Gansu,0.75,16.1858,12.4423,base,10.4183,8.0087,solar,6.8091,5.2343,wind,4.5986,3.535,wind
261,Bayanhongor,1.0,22.0629,17.2164,base,17.6752,13.7925,wind,14.1521,11.0433,wind,11.301,8.8185,wind
262,Ömnögovi,0.25,16.6483,13.2002,base,9.8607,7.8184,wind,6.8597,5.439,solar,4.5219,3.5854,solar
263,Gorno-Altay,0.05,9.6708,1.9666,base,7.3586,1.4964,solar,6.2054,1.2619,solar,5.3858,1.0952,solar
264,Pskov,0.2,5.6283,4.1673,base,4.9103,3.6357,wind,4.7882,3.5453,solar,4.4516,3.296,solar
265,Krasnodar,0.1,9.0529,6.4684,base,7.1852,5.1339,solar,5.1314,3.6664,solar,3.5933,2.5675,solar
266,Karachay-Cherkess,0.25,11.7736,7.1689,base,7.6676,4.6688,wind,6.1443,3.7412,wind,5.0049,3.0475,solar
267,Kabardin-Balkar,0.1,13.072,6.9457,base,9.9717,5.2984,solar,6.6854,3.5522,solar,5.1513,2.7371,solar
268,North Ossetia,0.25,17.6767,7.1786,base,14.1464,5.745,wind,10.8987,4.426,solar,8.4019,3.4121,solar
269,Ingush,0.4,21.3666,11.3156,base,16.1098,8.5316,wind,12.0031,6.3568,solar,9.2423,4.8947,solar
270,Chechnya,0.0,18.135,10.7652,base,14.1782,8.4164,solar,10.5354,6.2539,solar,7.5561,4.4854,solar
271,Dagestan,0.15,12.1118,9.686,base,8.1832,6.5443,wind,5.6643,4.5298,solar,4.0213,3.2159,solar
272,Yunnan,1.0,10.8757,8.2315,base,4.6966,3.5547,wind,1.7607,1.3326,wind,1.5392,1.165,wind
273,Zhambyl,0.0,14.3085,10.5641,base,9.2714,6.8452,solar,5.1214,3.7812,solar,4.1087,3.0335,solar
274,South Kazakhstan,0.0,14.8239,9.3952,base,9.628,6.1021,solar,6.3941,4.0525,solar,4.5857,2.9064,solar
275,Roraima,1.0,5.0238,3.8062,base,2.469,1.8706,wind,1.2989,0.9841,wind,1.0444,0.7913,wind
276,Pará,0.8,7.3525,4.8071,base,1.4505,0.9484,solar,0.4808,0.3143,wind,0.3536,0.2312,wind
277,Acre,1.0,5.8248,4.543,base,1.7629,1.375,wind,0.7231,0.564,wind,0.5989,0.4671,wind
278,Ghadamis,0.0,11.6827,8.1792,base,7.4571,5.2208,solar,3.946,2.7627,solar,2.9942,2.0963,solar
279,An Nuqat al Khams,0.0,11.3069,7.2499,base,6.8649,4.4018,solar,3.3171,2.1269,solar,1.5825,1.0147,solar
280,Central Darfur,0.85,9.1825,6.8424,base,2.5755,1.9191,solar,1.3128,0.9782,wind,0.7295,0.5436,wind
281,Southern Darfur,1.0,9.4529,7.5828,base,2.2289,1.7879,wind,0.8129,0.6521,wind,0.5399,0.4331,wind
282,Orientale,1.0,6.8939,5.4389,base,1.4539,1.147,wind,0.5715,0.4509,wind,0.4555,0.3594,wind
283,Sud-Kivu,0.05,0.2939,0.0037,base,0.2604,0.0033,wind,0.2604,0.0033,wind,0.2604,0.0033,wind
284,Katanga,1.0,7.301,5.8239,base,5.2488,4.1869,wind,3.5667,2.8451,wind,2.0802,1.6594,wind
285,West Azarbaijan,0.9,21.2048,16.44,base,16.5585,12.8377,wind,13.4457,10.4244,wind,12.1473,9.4178,wind
286,Murmansk,0.05,8.7835,6.2394,base,6.6743,4.7411,solar,6.1732,4.3852,solar,5.6355,4.0032,solar
287,Karelia,0.2,10.6126,7.9589,base,5.7224,4.2915,wind,5.449,4.0864,wind,5.449,4.0864,wind
288,Leningrad,0.25,8.8649,7.1941,base,5.8587,4.7545,wind,4.682,3.7996,wind,4.682,3.7996,wind
289,Amapá,1.0,9.0574,6.9976,base,2.552,1.9716,wind,0.847,0.6543,wind,0.7295,0.5636,wind
290,Ash Sharqiyah,0.6,10.5283,8.4031,base,4.1033,3.275,solar,1.1949,0.9537,solar,0.9172,0.7321,solar
291,Sikkim,0.6,6.6163,3.7041,base,1.1255,0.6301,wind,0.811,0.454,wind,0.7271,0.407,wind
292,West Bengal,1.0,9.7975,7.8138,base,2.4713,1.971,wind,0.8929,0.7121,wind,0.579,0.4618,wind
293,Assam,0.95,6.3451,4.7946,base,2.3209,1.7538,wind,2.0283,1.5326,wind,1.7521,1.3239,wind
294,Nusa Tenggara Timur,0.9,7.3291,5.5155,base,1.7778,1.3378,wind,0.8089,0.6087,wind,0.4605,0.3466,wind
295,Kalimantan Barat,0.05,0.3334,0.0037,base,0.2554,0.0028,wind,0.2554,0.0028,wind,0.2554,0.0028,wind
296,Adrar,0.7,12.7529,10.084,base,6.3414,5.0143,wind,3.0339,2.399,wind,2.0295,1.6048,wind
297,Uttarakhand,1.0,10.9935,8.5578,base,7.8556,6.1151,wind,4.2968,3.3448,wind,1.4546,1.1323,wind
298,Formosa,0.75,13.0764,10.1621,base,7.5468,5.8648,wind,4.575,3.5553,wind,2.7414,2.1304,wind
299,Misiones,0.35,10.521,4.5418,base,6.1608,2.6596,solar,3.5366,1.5267,solar,2.2855,0.9866,solar
300,Chaco,0.75,12.5189,9.7363,base,7.0396,5.4749,wind,3.3943,2.6399,wind,2.1637,1.6828,wind
301,Corrientes,0.3,12.8686,8.7218,base,8.2754,5.6087,wind,5.4524,3.6954,solar,3.062,2.0753,solar
302,Mato Grosso do Sul,0.85,9.6483,7.5178,base,4.2399,3.3037,wind,1.7341,1.3512,wind,1.155,0.8999,wind
303,Paraná,0.85,10.4952,8.173,base,5.0931,3.9662,wind,2.6465,2.061,wind,2.2094,1.7205,wind
304,Santa Catarina,0.1,8.2918,1.2219,base,4.189,0.6173,solar,2.4179,0.3563,solar,1.8466,0.2721,solar
305,Kaliningrad,0.25,5.7104,4.4365,base,3.2222,2.5033,wind,2.4832,1.9292,wind,2.4832,1.9292,wind
306,Smolensk,0.2,8.5643,6.7112,base,5.3606,4.2007,wind,5.0702,3.9731,wind,4.3624,3.4185,solar
307,Bryansk,0.3,8.6666,6.8221,base,3.8229,3.0093,wind,3.394,2.6716,wind,3.394,2.6716,wind
308,Kursk,0.3,8.5185,5.8422,base,4.4519,3.0533,wind,3.9804,2.7299,wind,3.2818,2.2508,solar
309,Belgorod,0.2,7.6188,6.1229,base,4.6088,3.7039,solar,3.3125,2.6621,solar,2.6403,2.1219,solar
310,Voronezh,0.3,8.2058,6.7147,base,3.5193,2.8798,wind,2.3493,1.9224,wind,2.3493,1.9224,wind
311,Rostov,0.3,8.4232,7.0623,base,3.5971,3.0159,wind,2.7684,2.3211,wind,2.7684,2.3211,wind
312,East Azarbaijan,0.8,20.8478,16.5016,base,15.4623,12.2388,solar,13.1516,10.4098,wind,11.2236,8.8838,wind
313,Ardebil,0.55,19.947,14.2193,base,15.7692,11.2412,solar,12.1174,8.638,solar,10.0594,7.1709,solar
314,Gilan,0.45,14.9982,9.4015,base,11.2206,7.0336,solar,7.7095,4.8327,solar,5.808,3.6407,solar
315,Buryat,0.85,28.2798,21.7243,base,23.2483,17.8591,wind,18.4171,14.1478,wind,15.2715,11.7314,wind
316,Hövsgöl,0.95,26.1458,20.238,base,22.0547,17.0714,wind,17.6173,13.6366,wind,14.1347,10.9409,wind
317,Tuva,0.95,28.4985,21.6641,base,24.329,18.4945,wind,19.5723,14.8786,wind,16.5184,12.557,wind
318,Bulgan,1.0,24.3394,18.3321,base,20.4539,15.4056,wind,17.2609,13.0006,wind,14.8195,11.1619,wind
319,Uvs,0.45,25.1586,15.6454,base,21.6236,13.4471,solar,18.6065,11.5708,solar,16.5291,10.279,solar
320,Selenge,1.0,24.5895,18.4925,base,20.2145,15.2023,wind,16.7357,12.5861,wind,14.2733,10.7342,wind
321,Chita,0.9,27.4501,21.077,base,23.3472,17.9266,wind,19.7531,15.167,wind,16.9311,13.0002,wind
322,Dzavhan,1.0,25.4332,18.9839,base,21.4772,16.031,wind,18.2404,13.615,wind,15.4888,11.5611,wind
323,Hentiy,0.95,21.9112,16.8985,base,17.5336,13.5223,wind,13.3893,10.3262,wind,10.2278,7.8879,wind
324,Heilongjiang,0.35,12.8547,9.6206,base,8.1787,6.121,wind,6.496,4.8617,wind,5.9978,4.4888,solar
325,Amur,0.4,22.3528,16.0266,base,18.9933,13.6179,solar,16.2938,11.6823,solar,14.0079,10.0434,solar
326,Yevrey,0.3,12.0273,8.482,base,9.6068,6.775,wind,8.0594,5.6837,solar,6.8199,4.8096,solar
327,Khabarovsk,0.1,13.5639,6.5967,base,11.7361,5.7077,solar,10.3307,5.0243,solar,9.1922,4.4705,solar
328,Primor'ye,0.25,10.4513,5.9585,base,6.6382,3.7846,wind,4.4519,2.5381,solar,2.915,1.6619,solar
329,Jilin,0.5,12.9463,10.0868,base,7.1512,5.5717,wind,5.2917,4.1229,wind,4.2922,3.3442,wind
330,Liaoning,0.15,14.6648,10.5467,base,7.5506,5.4302,solar,5.2211,3.755,solar,3.7933,2.7281,solar
331,Kordestan,0.8,20.2941,15.8385,base,14.2325,11.1078,solar,12.3383,9.6294,wind,10.4008,8.1173,wind
332,Kermanshah,0.75,18.4999,13.9655,base,13.4566,10.1584,solar,10.6917,8.0712,wind,8.3444,6.2992,wind
333,Ilam,0.8,18.9686,14.7761,base,13.5363,10.5445,solar,11.7248,9.1334,wind,9.7717,7.612,wind
334,Khuzestan,0.9,16.8713,13.623,base,11.3772,9.1866,wind,7.8221,6.3161,wind,5.5329,4.4676,wind
335,Nagaland,1.0,9.3062,7.2343,base,2.7089,2.1058,wind,1.6091,1.2508,wind,1.3608,1.0578,wind
336,Manipur,0.95,9.446,7.1953,base,3.005,2.289,wind,1.7217,1.3115,wind,1.183,0.9011,wind
337,Mizoram,0.05,1.3853,0.0493,base,0.7907,0.0281,wind,0.6512,0.0232,solar,0.5712,0.0203,solar
338,Nord-Kivu,0.05,0.1818,0.0005,base,0.1917,0.0005,wind,0.1917,0.0005,wind,0.1917,0.0005,wind
339,Gedarif,1.0,7.3187,5.899,base,1.41,1.1365,wind,0.5005,0.4034,wind,0.3785,0.3051,wind
340,Blue Nile,0.95,7.621,5.8656,base,2.8164,2.1677,wind,1.5976,1.2296,wind,0.9426,0.7255,wind
341,Sennar,1.0,7.1499,5.698,base,1.7528,1.3969,wind,1.0613,0.8458,wind,0.7398,0.5896,wind
342,Guangxi,0.55,7.552,5.4191,base,3.5148,2.5221,wind,2.152,1.5442,solar,1.4462,1.0377,solar
343,Tripura,0.95,9.9108,7.8446,base,5.7482,4.5498,wind,2.654,2.1007,wind,1.6659,1.3186,wind
344,Meghalaya,1.0,9.0765,7.0134,base,2.8685,2.2165,wind,1.9058,1.4726,wind,1.2619,0.9751,wind
345,Washington,0.0,14.5585,6.9973,base,11.6978,5.6223,solar,9.3313,4.4849,solar,7.3374,3.5266,solar
346,British Columbia,0.0,11.3635,2.2482,base,11.3635,2.2482,wind,11.3635,2.2482,wind,10.8945,2.1554,solar
347,Idaho,0.0,13.0173,7.7204,base,9.5678,5.6746,solar,7.3656,4.3684,solar,5.9993,3.5581,solar
348,Montana,0.15,8.5788,6.1947,base,5.7911,4.1817,wind,4.5011,3.2502,solar,3.1195,2.2525,solar
349,Alberta,0.05,10.0406,7.3714,base,6.967,5.1149,solar,6.442,4.7294,solar,5.9643,4.3787,solar
350,Saskatchewan,0.15,6.6011,4.9237,base,4.5858,3.4205,wind,4.4063,3.2867,solar,4.0055,2.9877,solar
351,North Dakota,0.15,6.0652,4.8505,base,4.6367,3.708,solar,3.9588,3.1659,solar,3.4297,2.7428,solar
352,Manitoba,0.1,9.2132,6.406,base,5.8741,4.0843,solar,4.4869,3.1198,solar,3.8109,2.6497,solar
353,Minnesota,0.25,9.4696,7.7682,base,2.6883,2.2053,wind,2.3242,1.9066,wind,1.9476,1.5976,solar
354,Ontario,0.1,8.3104,6.5348,base,3.4993,2.7517,solar,2.4582,1.933,solar,1.9285,1.5165,solar
355,Michigan,0.3,6.9832,5.4998,base,2.3681,1.865,wind,2.0208,1.5915,wind,1.8222,1.4351,solar
356,Ohio,0.45,7.2775,6.1528,base,3.2062,2.7107,solar,1.8529,1.5665,solar,1.4066,1.1892,solar
357,Pennsylvania,0.35,10.4689,7.4907,base,3.1875,2.2807,solar,2.6501,1.8962,wind,2.2271,1.5935,solar
358,New York,0.3,10.4416,7.8312,base,2.252,1.689,solar,1.9555,1.4666,solar,1.7666,1.325,solar
359,Québec,0.15,8.9557,6.58,base,2.9118,2.1393,wind,2.9118,2.1393,wind,2.0875,1.5338,solar
360,Vermont,0.35,14.0273,7.8362,base,5.3916,3.012,wind,3.1937,1.7841,wind,3.1937,1.7841,wind
361,New Hampshire,0.4,13.4285,8.1644,base,5.7256,3.4811,wind,3.3254,2.0218,wind,3.049,1.8538,wind
362,Maine,0.45,11.8339,8.3085,base,4.1986,2.9478,wind,2.739,1.923,wind,2.4302,1.7062,solar
363,New Brunswick,0.35,8.9261,6.7112,base,3.4043,2.5595,wind,2.2032,1.6565,solar,1.8962,1.4257,solar
364,Arizona,0.6,14.58,10.6925,base,7.6819,5.6336,wind,4.1927,3.0748,wind,2.6269,1.9265,wind
365,Sonora,0.7,12.0565,9.3242,base,6.239,4.8251,wind,3.4887,2.6981,wind,2.4967,1.9309,wind
366,Baja California,0.3,14.2826,10.8811,base,7.7015,5.8674,solar,4.0646,3.0966,solar,2.5883,1.9719,solar
367,California,0.15,17.496,11.2199,base,11.6401,7.4646,solar,8.2334,5.2799,solar,6.0101,3.8542,solar
368,New Mexico,0.55,16.1101,11.375,base,10.0816,7.1184,wind,4.7441,3.3497,wind,2.0517,1.4487,wind
369,Chihuahua,0.9,12.7126,10.1067,base,5.097,4.0522,wind,1.7954,1.4274,wind,1.3547,1.077,wind
370,Texas,0.3,7.934,5.8412,base,2.551,1.8781,solar,0.9847,0.725,solar,0.7723,0.5686,solar
371,Coahuila,0.75,12.9248,10.1071,base,6.7449,5.2744,wind,3.1533,2.4658,wind,1.6871,1.3193,wind
372,Tamaulipas,0.55,11.8349,9.3784,base,5.5283,4.3808,wind,2.8695,2.2739,solar,2.0314,1.6097,solar
373,Nuevo León,0.85,13.7084,10.7745,base,7.7965,6.1279,wind,3.2791,2.5773,wind,1.7583,1.382,wind
374,Quintana Roo,0.95,9.0444,7.0891,base,4.4641,3.499,wind,1.35,1.0582,wind,0.9624,0.7543,wind
375,Campeche,1.0,8.607,6.7639,base,5.8354,4.5858,wind,1.6756,1.3168,wind,1.2704,0.9983,wind
376,Tabasco,0.2,10.6571,2.6647,base,3.2375,0.8095,wind,1.4294,0.3574,solar,0.8202,0.2051,solar
377,Chiapas,1.0,8.2978,6.5407,base,2.7893,2.1987,wind,1.0492,0.827,wind,0.6651,0.5243,wind
378,Amazonas,0.05,0.1917,0.0016,base,0.1953,0.0016,wind,0.1953,0.0016,wind,0.1953,0.0016,wind
379,Rondônia,1.0,5.8506,4.5466,base,1.7143,1.3322,wind,1.0436,0.811,wind,0.937,0.7282,wind
380,Mato Grosso,1.0,5.9034,4.7388,base,2.2575,1.8122,wind,0.7481,0.6005,wind,0.5599,0.4495,wind
381,Catamarca,0.55,10.1635,7.9747,base,4.8532,3.808,solar,1.9352,1.5184,solar,1.1345,0.8901,solar
382,La Rioja,0.5,13.3082,9.0017,base,6.2334,4.2163,wind,2.2639,1.5313,wind,1.0345,0.6998,solar
383,San Juan,0.35,13.5754,10.1615,base,8.3158,6.2246,solar,4.066,3.0435,solar,1.5308,1.1459,solar
384,Mendoza,0.2,11.4793,6.9287,base,4.6245,2.7913,wind,3.4012,2.0529,solar,2.251,1.3587,solar
385,Neuquén,0.0,13.542,9.1289,base,11.297,7.6156,solar,8.6455,5.8281,solar,6.7813,4.5714,solar
386,Chubut,0.0,12.415,9.1212,base,6.3959,4.699,solar,4.2006,3.0862,solar,3.3173,2.4372,solar
387,Río Negro,0.0,8.7842,5.8226,base,5.7345,3.8011,solar,3.1395,2.081,solar,2.0893,1.3849,solar
388,Santa Cruz,0.0,14.2794,10.8125,base,8.5552,6.4781,solar,6.2988,4.7695,solar,5.4172,4.102,solar
389,Tierra del Fuego,0.0,19.8317,12.4393,base,17.0669,10.7051,solar,14.7701,9.2644,solar,13.0576,8.1903,solar
390,Papua,1.0,6.179,4.3659,base,1.9711,1.3928,wind,0.8964,0.6334,wind,0.5533,0.391,wind
391,Mangghystau,0.0,7.8287,5.7105,base,3.6436,2.6578,solar,1.8175,1.3258,solar,1.4517,1.0589,solar
392,Qyzylorda,0.1,8.0526,5.7451,base,4.3413,3.0973,solar,2.9408,2.0981,solar,2.0472,1.4606,solar
393,Aqtöbe,0.2,9.8485,7.5939,base,4.0252,3.1038,wind,3.7771,2.9124,wind,3.1161,2.4028,solar
394,North Khorasan,0.35,19.9601,12.3193,base,13.4064,8.2744,solar,8.7779,5.4176,solar,6.0071,3.7075,solar
395,Golestan,0.4,17.0367,12.4086,base,13.1058,9.5455,solar,9.5745,6.9735,solar,6.6299,4.8288,solar
396,Razavi Khorasan,0.75,19.8145,15.622,base,14.5093,11.4393,solar,11.3227,8.927,wind,9.3292,7.3553,wind
397,South Khorasan,0.95,17.382,14.0764,base,12.621,10.2208,wind,8.8938,7.2024,wind,6.8675,5.5615,wind
398,Sistan and Baluchestan,0.9,12.2213,9.8235,base,7.2623,5.8375,wind,4.4515,3.5782,wind,2.5512,2.0507,wind
399,North Kazakhstan,0.3,12.173,9.4045,base,3.9408,3.0446,wind,2.7064,2.0909,wind,2.7064,2.0909,wind
400,Tyumen',0.1,12.383,7.8631,base,8.2019,5.2081,solar,6.4419,4.0906,solar,5.1156,3.2484,solar
401,Kurgan,0.35,10.7535,8.4104,base,4.9125,3.8421,wind,2.591,2.0265,wind,2.591,2.0265,wind
402,Omsk,0.15,10.751,7.2799,base,7.7926,5.2767,wind,6.1975,4.1966,solar,4.3977,2.9778,solar
403,Qostanay,0.3,10.3117,8.0175,base,4.7979,3.7304,wind,3.5963,2.7962,wind,3.5963,2.7962,wind
404,Pavlodar,0.1,11.418,8.5743,base,8.5984,6.457,solar,6.1658,4.6302,solar,4.4649,3.3529,solar
405,Novosibirsk,0.1,10.3907,6.6529,base,8.2189,5.2624,solar,6.0054,3.8451,solar,4.0187,2.573,solar
406,Chelyabinsk,0.25,10.659,8.1896,base,6.9999,5.3782,wind,6.4299,4.9403,wind,6.4299,4.9403,wind
407,Altay,0.2,15.2463,10.2187,base,12.489,8.3706,solar,9.9152,6.6456,solar,7.8524,5.263,solar
408,Orenburg,0.3,10.7158,8.4575,base,6.4198,5.0668,wind,5.0682,4.0001,wind,5.0682,4.0001,wind
409,West Kazakhstan,0.15,7.171,5.5479,base,3.3371,2.5818,wind,3.2973,2.551,solar,2.7249,2.1081,solar
410,Saratov,0.3,8.0991,6.2643,base,4.1335,3.1971,wind,3.5151,2.7188,wind,3.4463,2.6656,solar
411,Astrakhan',0.15,5.7686,4.4498,base,3.3138,2.5562,solar,3.0259,2.3341,solar,2.7986,2.1588,solar
412,Volgograd,0.3,8.131,6.5542,base,4.0782,3.2874,wind,2.4778,1.9973,wind,2.4778,1.9973,wind
413,Atyrau,0.1,8.2133,5.9491,base,3.4749,2.5169,solar,2.2729,1.6463,solar,2.0846,1.5099,solar
414,Al Hudud ash Shamaliyah,0.2,11.3427,7.5371,base,5.3048,3.525,wind,2.725,1.8107,solar,2.0154,1.3392,solar
415,Al Jawf,0.55,13.6454,10.4652,base,7.5921,5.8227,wind,4.2124,3.2306,wind,1.9798,1.5184,wind
416,Najran,0.8,6.5769,5.3849,base,1.4204,1.1629,solar,0.6688,0.5476,wind,0.5284,0.4326,wind
417,`Asir,0.85,7.8207,6.2161,base,2.2237,1.7674,wind,0.5076,0.4034,wind,0.3658,0.2907,wind
418,Jizan,0.7,7.191,5.6821,base,2.4062,1.9013,solar,0.8287,0.6548,solar,0.7135,0.5637,wind
419,Al Kufrah,0.9,11.023,8.8705,base,5.5311,4.451,wind,2.42,1.9474,wind,0.9875,0.7947,wind
420,Murzuq,0.1,10.568,6.6673,base,6.57,4.145,solar,3.2981,2.0808,solar,1.932,1.2189,solar
421,Tamanghasset,0.5,10.7497,8.1277,base,5.5704,4.2117,solar,2.1515,1.6267,solar,0.7293,0.5514,solar
422,Tindouf,0.55,10.971,8.5801,base,6.2339,4.8754,solar,2.5392,1.9859,solar,1.8604,1.455,solar
423,Northern,0.15,5.4882,3.2718,base,1.6883,1.0065,solar,1.1308,0.6741,solar,0.6811,0.4061,solar
424,River Nile,0.55,8.5436,5.1684,base,2.0451,1.2372,solar,0.3264,0.1975,solar,0.3046,0.1843,wind
425,Béchar,0.1,12.9892,7.7378,base,7.2936,4.3449,solar,3.2237,1.9204,solar,2.5519,1.5202,solar
426,El Tarf,0.4,8.1505,5.9536,base,4.0589,2.9649,solar,3.0485,2.2269,wind,2.4271,1.7729,solar
427,El Oued,0.1,15.219,9.151,base,10.1097,6.0789,solar,6.2394,3.7517,solar,3.9334,2.3651,solar
428,Tébessa,0.3,18.11,10.3948,base,11.8895,6.8244,wind,7.9266,4.5497,solar,5.024,2.8837,solar
429,Souk Ahras,0.3,12.6575,7.7622,base,6.1711,3.7844,solar,4.2072,2.5801,solar,3.2625,2.0007,solar
430,Ouargla,0.0,10.4561,6.5059,base,4.9957,3.1084,solar,3.8175,2.3753,solar,3.0034,1.8688,solar
431,North Darfur,1.0,8.4911,6.8628,base,1.2875,1.0406,wind,0.384,0.3103,wind,0.2616,0.2114,wind
432,Western Darfur,1.0,7.7163,6.1937,base,1.0751,0.8629,wind,0.5823,0.4674,wind,0.4795,0.3849,wind
433,Al Butnan,0.0,11.3871,7.1681,base,4.6698,2.9396,solar,2.482,1.5624,solar,1.6892,1.0633,solar
434,Ajdabiya,0.15,14.2127,10.0053,base,8.247,5.8057,solar,4.2806,3.0134,solar,2.3837,1.6781,solar
435,Kasaï-Occidental,1.0,5.6347,4.4921,base,1.0872,0.8667,wind,0.65,0.5182,wind,0.5334,0.4252,wind
436,Illizi,0.65,14.4873,11.5979,base,8.9546,7.1687,wind,4.1339,3.3094,solar,3.4616,2.7712,wind
437,Ash Shati',0.15,12.7508,8.9971,base,8.3339,5.8805,solar,5.169,3.6473,solar,2.6109,1.8423,solar
438,Ghat,0.8,13.2574,10.8121,base,7.6066,6.2036,solar,4.9008,3.9969,wind,2.8915,2.3582,wind
439,Red Sea,0.85,8.0667,6.4073,base,2.4759,1.9666,solar,0.7009,0.5568,wind,0.302,0.2398,wind
440,Kassala,0.8,7.8662,6.1929,base,0.7165,0.5641,solar,0.5871,0.4622,solar,0.5834,0.4593,wind
441,Punjab,0.9,13.5196,10.6414,base,9.8475,7.7511,wind,6.623,5.2131,wind,4.5431,3.5759,wind
442,Rajasthan,1.0,11.3383,9.0651,base,5.481,4.3821,wind,2.2721,1.8166,wind,1.3537,1.0823,wind
443,Gujarat,0.85,11.4763,9.0822,base,2.2782,1.803,solar,0.9693,0.7671,wind,0.5883,0.4656,wind
444,Alaska,0.1,5.5748,3.4325,base,4.7256,2.9096,wind,4.7256,2.9096,wind,4.725,2.9092,solar
445,Yukon,0.2,38.9919,14.3693,base,35.6445,13.1357,wind,33.6074,12.385,solar,31.8955,11.7542,solar
446,White Nile,0.25,3.1164,0.754,base,0.8672,0.2098,solar,0.5463,0.1322,solar,0.4775,0.1155,solar
447,South Kordufan,0.85,11.3086,8.4943,base,3.0014,2.2544,solar,2.0865,1.5672,wind,1.2948,0.9726,wind
448,Guangdong,0.5,7.5192,5.1441,base,3.1316,2.1424,solar,1.9571,1.3389,solar,1.5,1.0262,solar
449,Eastern Darfur,1.0,9.4367,7.548,base,1.7061,1.3646,wind,0.9199,0.7358,wind,0.684,0.5471,wind
450,Naâma,0.85,19.002,14.482,base,13.3345,10.1627,wind,8.0211,6.1132,wind,4.8181,3.672,wind
451,Tlemcen,0.5,18.1167,11.9188,base,10.4124,6.8502,wind,4.6289,3.0453,wind,3.0417,2.0011,solar
452,Himachal Pradesh,1.0,13.0333,10.2123,base,7.874,6.1697,wind,3.4162,2.6768,wind,0.8591,0.6732,wind
453,Jammu and Kashmir,0.3,10.0703,3.8583,base,4.733,1.8134,solar,2.0466,0.7841,solar,1.5719,0.6022,solar
454,Crimea,0.25,7.8446,6.3864,base,4.5567,3.7097,wind,3.0895,2.5152,wind,2.9231,2.3797,solar
455,Bihar,1.0,11.5629,9.2379,base,4.32,3.4514,wind,1.8081,1.4445,wind,1.422,1.1361,wind
456,Uttar Pradesh,1.0,12.2918,9.7741,base,5.4388,4.3248,wind,2.7343,2.1742,wind,1.6056,1.2768,wind
457,Buenos Aires,0.15,6.7044,5.691,base,3.0144,2.5587,wind,2.0534,1.743,solar,1.3312,1.13,solar
458,Maranhão,1.0,7.1744,5.7233,base,1.8277,1.4581,wind,1.0905,0.8699,wind,0.7329,0.5846,wind
459,Piauí,1.0,6.2635,5.0316,base,2.54,2.0404,wind,1.8656,1.4987,wind,1.4162,1.1377,wind
460,Ceará,1.0,8.072,6.4601,base,1.802,1.4421,wind,0.946,0.7571,wind,0.7307,0.5848,wind
461,Rio Grande do Norte,0.95,6.7331,5.1661,base,1.804,1.3841,wind,1.2276,0.9419,wind,0.8627,0.6619,wind
462,Paraíba,0.85,7.5778,5.8609,base,1.8728,1.4485,solar,1.8728,1.4485,solar,1.1844,0.9161,wind
463,Pernambuco,0.85,7.7553,6.0547,base,2.3653,1.8466,solar,1.7123,1.3368,wind,1.1967,0.9343,wind
464,Alagoas,1.0,9.9871,7.5854,base,6.4929,4.9315,wind,2.5557,1.9411,wind,0.9561,0.7262,wind
465,Sergipe,1.0,8.4022,6.3752,base,5.0305,3.8169,wind,1.9991,1.5168,wind,1.2144,0.9214,wind
466,Bahia,1.0,6.2187,4.9066,base,2.0376,1.6077,wind,0.9029,0.7124,wind,0.6456,0.5094,wind
467,Espírito Santo,1.0,8.3936,6.5312,base,3.3414,2.6,wind,1.0525,0.819,wind,0.7634,0.594,wind
468,Rio de Janeiro,0.65,8.8365,5.5578,base,3.2195,2.0249,solar,0.9799,0.6163,wind,0.8296,0.5218,wind
469,São Paulo,0.8,8.2896,6.1811,base,2.8573,2.1305,wind,1.6559,1.2347,wind,1.2773,0.9524,wind
470,Ciudad de Buenos Aires,0.0,9.4213,6.1895,base,6.3238,4.1546,solar,4.3194,2.8377,solar,3.0897,2.0298,solar
471,Western Australia,0.0,6.8374,4.7345,base,3.3994,2.3539,solar,1.2196,0.8445,solar,0.5884,0.4074,solar
472,Northern Territory,0.35,5.1786,3.6132,base,2.3307,1.6262,wind,0.9865,0.6883,solar,0.5788,0.4039,solar
473,South Australia,0.0,11.0029,7.5008,base,7.0039,4.7746,solar,4.197,2.8611,solar,2.7709,1.8889,solar
474,Queensland,0.7,8.8538,6.623,base,3.824,2.8605,solar,1.6671,1.2471,solar,0.7657,0.5728,wind
475,New South Wales,0.05,12.4908,7.1559,base,6.6864,3.8306,solar,3.2192,1.8443,solar,2.3606,1.3524,solar
476,Jervis Bay Territory,0.0,9.4671,5.7534,base,5.5187,3.3538,solar,3.6538,2.2205,solar,2.1468,1.3046,solar
477,Victoria,0.5,15.3749,11.3671,base,12.1201,8.9608,solar,9.0456,6.6877,solar,6.4744,4.7867,solar
478,Jawa Timur,0.95,6.7223,5.1203,base,1.9559,1.4898,wind,1.0599,0.8073,wind,0.8135,0.6197,wind
479,Maluku,0.7,3.7612,2.4085,base,0.9437,0.6043,wind,0.5172,0.3312,solar,0.4172,0.2671,wind
480,Nusa Tenggara Barat,1.0,7.4877,5.7959,base,1.6202,1.2541,wind,0.7135,0.5523,wind,0.4443,0.3439,wind
481,Sulawesi Selatan,0.75,6.7895,4.2886,base,1.4665,0.9263,solar,1.0851,0.6854,wind,0.8815,0.5568,wind
482,Jawa Tengah,1.0,6.6459,5.0902,base,2.7698,2.1214,wind,1.0579,0.8103,wind,0.6193,0.4743,wind
483,Jawa Barat,0.95,6.1005,4.4819,base,2.1122,1.5518,wind,1.0763,0.7907,wind,0.9029,0.6634,wind
484,Jakarta Raya,0.85,4.6013,3.2424,base,1.3075,0.9214,wind,0.451,0.3178,wind,0.3969,0.2797,wind
485,Banten,0.9,3.2202,2.3487,base,1.2439,0.9072,solar,1.2439,0.9072,solar,1.073,0.7826,wind
486,Yogyakarta,0.9,5.3976,3.9619,base,1.6677,1.2241,wind,1.112,0.8162,wind,0.9639,0.7075,wind
487,Sulawesi Tenggara,0.65,6.454,3.7008,base,2.3486,1.3467,solar,1.7246,0.9889,solar,1.6067,0.9213,wind
488,Papua Barat,0.05,0.4295,0.0073,base,0.2765,0.0047,wind,0.2765,0.0047,wind,0.2765,0.0047,wind
489,Sulawesi Tengah,0.05,0.2195,0.0015,base,0.189,0.0013,wind,0.189,0.0013,wind,0.189,0.0013,wind
490,Maluku Utara,0.2,2.2725,0.3989,base,0.683,0.1199,wind,0.5874,0.1031,solar,0.501,0.0879,solar
491,Kepulauan Riau,1.0,6.904,4.8173,base,1.1346,0.7916,wind,0.4642,0.3239,wind,0.3641,0.254,wind
492,Riau,0.95,5.34,4.0521,base,2.0029,1.5199,wind,0.6599,0.5007,wind,0.5137,0.3898,wind
493,Gorontalo,0.05,0.3718,0.0021,base,0.3266,0.0018,wind,0.3266,0.0018,wind,0.3266,0.0018,wind
494,Sulawesi Utara,0.05,0.7223,0.0208,base,0.6448,0.0185,wind,0.6448,0.0185,wind,0.5886,0.0169,solar
495,Sulawesi Barat,0.4,3.3319,1.1685,base,2.0173,0.7075,wind,1.5465,0.5423,wind,1.3635,0.4782,solar
496,Jambi,0.95,7.3688,5.515,base,2.2501,1.684,wind,0.7633,0.5713,wind,0.7092,0.5308,wind
497,Sumatera Selatan,0.9,7.4386,5.2435,base,1.8576,1.3094,wind,0.6299,0.444,wind,0.5234,0.3689,wind
498,Lampung,0.55,3.712,1.7229,base,0.8078,0.3749,solar,0.5501,0.2553,solar,0.4613,0.2141,solar
499,Bengkulu,0.85,7.3852,5.4039,base,2.7896,2.0412,solar,1.6564,1.212,wind,1.4704,1.0759,wind
500,Sumatera Barat,0.65,5.8016,3.3795,base,1.4277,0.8317,solar,0.8978,0.523,solar,0.807,0.4701,wind
501,Sumatera Utara,0.8,6.5341,4.4237,base,1.7382,1.1768,solar,0.7964,0.5392,wind,0.7162,0.4849,wind
502,Aceh,0.95,6.5022,4.7723,base,2.0648,1.5155,wind,1.2169,0.8932,wind,1.049,0.7699,wind
503,Kalimantan Tengah,0.8,4.4542,2.8953,base,1.2457,0.8097,solar,0.642,0.4173,wind,0.5264,0.3422,wind
504,Kalimantan Selatan,0.5,2.0406,0.7788,base,0.7152,0.273,wind,0.6381,0.2435,wind,0.6014,0.2295,wind
505,Andhra Pradesh,0.85,9.096,6.9858,base,3.4898,2.6802,solar,2.3382,1.7958,wind,1.7485,1.3428,wind
506,Surt,0.0,12.4788,8.7369,base,8.4794,5.9367,solar,5.4966,3.8484,solar,3.7735,2.642,solar
507,Misratah,0.1,12.3769,8.4586,base,8.401,5.7414,solar,5.6045,3.8302,solar,3.9475,2.6978,solar
508,Al Marqab,0.2,8.8064,6.5259,base,4.3477,3.2218,wind,3.1691,2.3484,solar,1.8096,1.3409,solar
509,Tajura' wa an Nawahi al Arba,0.35,11.7067,9.6758,base,4.045,3.3432,wind,2.0643,1.7062,wind,1.5255,1.2609,solar
510,Az Zawiyah,0.05,9.8511,7.0043,base,5.6461,4.0145,solar,3.3017,2.3476,solar,2.5364,1.8034,solar
511,Annaba,0.25,9.2771,5.5966,base,5.8518,3.5302,wind,4.735,2.8565,solar,3.7542,2.2648,solar
512,Skikda,0.2,8.821,4.2627,base,5.8655,2.8345,solar,4.6447,2.2446,solar,3.6391,1.7586,solar
513,Jijel,0.25,12.8118,5.2525,base,7.5929,3.1129,wind,5.8663,2.405,solar,4.4495,1.8242,solar
514,Béjaïa,0.3,12.7933,7.2855,base,7.6574,4.3608,wind,4.8345,2.7532,solar,3.1111,1.7717,solar
515,Tizi Ouzou,0.3,13.5751,7.376,base,8.2918,4.5053,wind,5.259,2.8574,solar,3.0767,1.6717,solar
516,Boumerdès,0.3,12.1298,9.0528,base,8.003,5.9728,solar,4.9214,3.6729,solar,3.0829,2.3009,solar
517,Alger,0.35,10.8514,7.6477,base,7.3914,5.2093,solar,4.8888,3.4455,solar,3.4558,2.4356,solar
518,Tipaza,0.15,8.9963,6.6813,base,5.726,4.2525,wind,3.4949,2.5956,solar,2.3947,1.7785,solar
519,Chlef,0.35,16.8141,10.0423,base,12.2651,7.3254,solar,8.5522,5.1079,solar,5.6406,3.3689,solar
520,Mostaganem,0.3,16.4377,10.0911,base,11.4966,7.0577,wind,7.1612,4.3963,solar,4.4203,2.7136,solar
521,Oran,0.2,12.8935,9.2041,base,9.1786,6.5521,solar,5.6057,4.0016,solar,3.579,2.5549,solar
522,Aïn Témouchent,0.15,10.6662,6.1617,base,7.1162,4.1109,solar,4.0763,2.3548,solar,3.2188,1.8594,solar
523,Colima,0.85,10.2095,7.3001,base,4.1695,2.9813,solar,2.0959,1.4986,wind,0.9436,0.6747,wind
524,Hainan,0.45,5.3767,3.4613,base,2.2656,1.4585,solar,0.8321,0.5357,solar,0.6939,0.4467,solar
525,Nayarit,0.95,11.6592,9.3164,base,7.142,5.7069,wind,3.2225,2.575,wind,1.8742,1.4976,wind
526,Fujian,0.95,13.7471,10.4088,base,8.7102,6.595,wind,4.5076,3.413,wind,2.8992,2.1951,wind
527,Baja California Sur,0.7,12.6981,10.5697,base,6.9666,5.7989,wind,3.3716,2.8065,wind,2.5682,2.1377,wind
528,Tabuk,0.9,12.7295,10.3764,base,6.5725,5.3576,wind,2.3471,1.9132,wind,0.9341,0.7614,wind
529,Al Madinah,0.95,10.031,8.0909,base,4.4309,3.5739,wind,1.2489,1.0074,wind,0.6307,0.5087,wind
530,Makkah,0.75,9.5913,7.5961,base,2.9814,2.3612,wind,1.0752,0.8516,wind,0.8282,0.6559,wind
531,Sinaloa,1.0,13.0193,10.478,base,7.679,6.18,wind,3.4682,2.7913,wind,1.3705,1.103,wind
532,Louisiana,0.5,9.7229,7.784,base,2.8249,2.2616,solar,1.2856,1.0292,solar,0.8611,0.6894,solar
533,Mississippi,0.6,11.2272,8.9467,base,2.9926,2.3847,wind,1.5209,1.212,solar,1.2624,1.006,solar
534,Alabama,0.5,8.5363,6.0745,base,3.2214,2.2924,solar,1.3185,0.9382,solar,1.1042,0.7858,solar
535,Florida,0.75,8.7005,6.9773,base,2.3442,1.8799,wind,1.4891,1.1942,wind,1.1242,0.9016,wind
536,Georgia,0.55,10.3702,8.2316,base,3.7035,2.9397,wind,1.9444,1.5434,solar,1.5279,1.2128,solar
537,South Carolina,0.4,10.1916,7.6527,base,3.9627,2.9756,solar,2.0442,1.535,solar,1.4683,1.1026,solar
538,North Carolina,0.45,11.2911,8.4965,base,5.0666,3.8126,wind,2.6584,2.0004,wind,2.0081,1.5111,solar
539,Virginia,0.4,14.1103,9.5645,base,3.8863,2.6343,wind,2.739,1.8566,wind,2.1636,1.4666,solar
540,District of Columbia,0.4,11.2935,8.4597,base,3.0372,2.2751,wind,2.7055,2.0266,wind,2.1848,1.6366,solar
541,Maryland,0.35,10.0955,7.6359,base,2.5932,1.9614,solar,2.2048,1.6676,solar,1.8853,1.426,solar
542,Delaware,0.3,10.265,7.8108,base,3.0518,2.3221,solar,2.2096,1.6813,solar,1.893,1.4404,solar
543,New Jersey,0.35,10.7922,8.1725,base,3.0986,2.3464,solar,2.1089,1.597,solar,1.7875,1.3536,solar
544,Connecticut,0.35,9.4603,6.5132,base,2.9204,2.0106,wind,2.2686,1.5618,wind,2.0442,1.4074,solar
545,Rhode Island,0.3,9.3418,6.3189,base,2.5251,1.708,wind,2.1505,1.4546,solar,1.9114,1.2929,solar
546,Massachusetts,0.4,10.4841,7.396,base,3.3237,2.3447,wind,2.2026,1.5538,wind,2.1119,1.4898,wind
547,Yucatán,1.0,10.2132,8.1717,base,4.9302,3.9447,wind,1.0567,0.8455,wind,0.4514,0.3612,wind
548,Veracruz,0.4,11.1038,6.244,base,4.652,2.616,wind,1.5347,0.863,solar,0.819,0.4605,solar
549,Jalisco,1.0,11.2158,8.9602,base,5.1944,4.1498,wind,2.08,1.6617,wind,1.3982,1.117,wind
550,Michoacán,0.85,11.1102,8.2213,base,4.8288,3.5732,wind,1.8864,1.3959,wind,1.3104,0.9696,wind
551,Guerrero,0.85,9.974,7.0934,base,4.3356,3.0835,wind,0.8823,0.6275,wind,0.5152,0.3664,wind
552,Oaxaca,0.6,9.0131,5.8229,base,2.6119,1.6874,solar,1.1774,0.7606,solar,0.9515,0.6147,solar
553,Zhejiang,0.3,9.6513,4.6769,base,5.1692,2.5049,solar,3.409,1.652,solar,2.3028,1.1159,solar
554,Shanghai,0.25,7.4946,5.8022,base,3.0662,2.3738,solar,1.5614,1.2088,solar,1.2347,0.9559,solar
555,Jiangsu,0.65,10.724,8.601,base,3.6316,2.9127,wind,1.7437,1.3985,wind,1.4662,1.176,wind
556,Bushehr,0.5,13.9831,9.6538,base,7.8279,5.4043,solar,3.586,2.4757,solar,1.7564,1.2126,solar
557,Hormozgan,0.95,13.6878,11.069,base,7.8986,6.3874,wind,4.1128,3.3259,wind,2.2349,1.8073,wind
558,Al Qubbah,0.05,13.8259,5.6547,base,8.266,3.3808,solar,4.7545,1.9446,solar,3.2445,1.327,solar
559,Al Jabal al Akhdar,0.15,9.7773,3.7631,base,5.6755,2.1844,solar,3.7013,1.4246,solar,2.4022,0.9246,solar
560,Al Marj,0.05,14.0662,5.8708,base,9.1378,3.8139,solar,5.6797,2.3705,solar,3.8483,1.6062,solar
561,Benghazi,0.0,13.8626,8.4499,base,8.6808,5.2914,solar,5.2413,3.1948,solar,3.2808,1.9998,solar
562,Oregon,0.35,15.4728,11.8026,base,8.0938,6.174,wind,6.5383,4.9874,wind,5.7804,4.4093,solar
563,Nunavut,0.0,17.5398,14.0563,base,13.0016,10.4194,solar,9.8229,7.872,solar,8.5335,6.8387,solar
564,Newfoundland and Labrador,0.15,9.5539,6.8895,base,1.7903,1.291,solar,1.1798,0.8508,solar,0.9774,0.7048,solar
565,Nova Scotia,0.4,8.9044,7.0478,base,3.3096,2.6196,wind,1.637,1.2956,wind,1.5154,1.1994,wind
566,Odisha,0.95,10.7509,8.5525,base,2.7786,2.2104,wind,1.3417,1.0673,wind,0.986,0.7844,wind
567,Shandong,0.5,15.9326,12.3429,base,8.518,6.5988,wind,3.4982,2.71,wind,2.7153,2.1036,wind
568,Hebei,0.85,17.3047,13.5555,base,12.036,9.4283,wind,7.8668,6.1624,wind,5.6784,4.4481,wind
569,Tianjin,0.4,13.2793,10.7501,base,7.8672,6.3688,wind,5.0026,4.0498,wind,3.2732,2.6498,solar
570,Maga Buryatdan,0.05,16.357,8.0456,base,12.1089,5.9561,solar,9.8473,4.8437,solar,9.486,4.666,solar
571,Dadra and Nagar Haveli and Daman and Diu,0.9,10.6371,8.2086,base,2.5604,1.9758,wind,1.2541,0.9678,wind,0.9716,0.7498,wind
572,Maharashtra,1.0,9.7463,7.7806,base,1.569,1.2525,wind,0.593,0.4734,wind,0.5126,0.4092,wind
573,Goa,0.7,9.3565,6.9081,base,2.5977,1.9179,solar,1.3787,1.0179,solar,1.3787,1.0179,solar
574,Karnataka,0.8,6.9569,5.1521,base,1.4283,1.0578,solar,1.1867,0.8788,solar,1.1867,0.8788,solar
575,Kerala,0.9,8.6151,6.6247,base,3.627,2.789,wind,2.1948,1.6877,wind,1.2971,0.9974,wind
576,Puducherry,0.95,11.5867,9.0677,base,4.6357,3.6279,wind,2.5066,1.9617,wind,1.493,1.1684,wind
577,Tamil Nadu,0.8,7.8866,6.0311,base,3.1135,2.381,solar,2.6309,2.012,wind,1.7198,1.3152,wind
578,Sakhalin,0.35,9.1624,6.6875,base,4.9818,3.6361,wind,3.7229,2.7173,wind,3.7197,2.715,solar
579,Sevastopol,0.2,11.1515,7.9778,base,7.2713,5.2019,wind,6.2445,4.4673,solar,5.2131,3.7295,solar
580,Chukchi Autonomous Okrug,0.05,12.522,6.0371,base,11.5012,5.545,wind,11.5012,5.545,wind,11.4026,5.4975,solar
581,Yamal-Nenets,0.0,10.3622,7.7648,base,8.3021,6.2211,solar,6.5963,4.9429,solar,5.1538,3.8619,solar
582,Nenets,0.05,6.8421,5.5406,base,4.2097,3.409,solar,4.1262,3.3413,solar,3.815,3.0893,solar
583,Northwest Territories,0.0,8.9539,5.8341,base,6.9805,4.5483,solar,7.0385,4.5861,solar,6.9686,4.5405,solar
584,Sakha (Yakutia),0.0,21.6897,15.1412,base,19.8754,13.8747,solar,18.2882,12.7667,solar,16.8927,11.7926,solar
585,City of St. Petersburg,0.15,10.817,7.1944,base,7.4776,4.9734,wind,7.389,4.9144,solar,6.4041,4.2594,solar
586,Arkhangel'sk,0.1,8.059,6.5009,base,6.4825,5.2292,wind,6.4825,5.2292,wind,6.4825,5.2292,wind
587,Krasnoyarsk,0.0,10.0444,7.5366,base,9.1826,6.89,solar,8.4527,6.3423,solar,7.4666,5.6024,solar
588,Kommuneqarfik Sermersooq,0.25,10.646,9.2099,base,2.4789,2.1445,wind,1.3873,1.2001,wind,1.3873,1.2001,wind
589,Nationalparken,0.15,7.1528,6.0225,base,1.4853,1.2506,wind,1.4853,1.2506,wind,1.4853,1.2506,wind
590,Qaasuitsup Kommunia,0.15,6.5949,5.4518,base,1.4974,1.2379,wind,1.4974,1.2379,wind,1.4974,1.2379,wind
591,Pituffik,0.05,20.976,13.0795,base,17.78,11.0866,wind,17.78,11.0866,wind,17.78,11.0866,wind
592,Qeqqata Kommunia,0.15,6.3498,5.161,base,3.4006,2.764,wind,3.4006,2.764,wind,3.3039,2.6853,solar
593,Kommune Kujalleq,0.35,9.3548,7.5942,base,3.4093,2.7677,wind,1.7524,1.4226,wind,1.7524,1.4226,wind
594,Lakshadweep,0.65,9.6989,7.1249,base,2.5923,1.9043,solar,1.0438,0.7668,solar,1.0438,0.7668,solar
595,Andaman and Nicobar,0.85,7.3668,5.4805,base,1.3824,1.0284,wind,0.8418,0.6263,wind,0.6699,0.4984,wind
596,Kalmyk,0.15,7.2442,5.2598,base,3.8555,2.7993,wind,3.0066,2.183,solar,2.3468,1.7039,solar
597,Mazandaran,0.55,14.2995,8.9911,base,10.5664,6.6438,solar,7.1415,4.4904,solar,5.9177,3.7209,solar
598,Tasmania,0.0,12.5494,4.6573,base,8.9483,3.3209,solar,6.2692,2.3266,solar,5.4631,2.0274,solar
599,Bali,0.95,7.6607,5.6665,base,1.8174,1.3443,wind,0.9685,0.7164,wind,0.5635,0.4168,wind
600,Hawaii,0.9,7.5903,5.4615,base,3.3793,2.4315,wind,1.9852,1.4284,wind,1.5339,1.1037,wind
601,Kamchatka,0.15,8.3028,4.0523,base,5.0875,2.483,wind,5.0135,2.4469,solar,4.3977,2.1464,solar
602,Macquarie Island,0.1,4.0885,3.8184,base,2.3524,2.197,wind,1.927,1.7997,solar,1.369,1.2786,solar
603,Lord Howe Island,1.0,14.1089,10.8801,base,9.8351,7.5843,wind,5.2969,4.0847,wind,2.7437,2.1158,wind
604,Bangka-Belitung,0.75,7.6889,4.8874,base,2.3901,1.5192,solar,1.1275,0.7167,solar,0.6618,0.4207,wind
605,Paracel Islands,0.75,7.6338,5.6226,base,2.0511,1.5107,solar,1.1253,0.8288,wind,0.6976,0.5138,wind
606,Prince Edward Island,0.25,3.7096,2.7054,base,1.4802,1.0795,wind,1.3612,0.9927,wind,1.3379,0.9757,solar
607,MEX+99?,0.8,8.823,7.0723,base,3.4972,2.8033,wind,0.7201,0.5772,wind,0.4945,0.3964,wind
608,RUS+99?,0.05,10.1514,8.4414,base,6.8696,5.7124,wind,6.7355,5.6009,solar,6.2019,5.1571,solar
609,Jharkhand,0.85,9.2435,7.0429,base,2.4487,1.8657,solar,2.1109,1.6083,wind,0.8385,0.6389,wind
610,Delhi,1.0,11.8752,9.2794,base,6.8849,5.3799,wind,4.5244,3.5354,wind,2.8551,2.231,wind
611,Chandigarh,1.0,12.9075,10.1249,base,8.5731,6.7249,wind,5.2635,4.1288,wind,3.3264,2.6093,wind
612,Madhya Pradesh,0.75,10.9463,8.0648,base,4.2645,3.1419,solar,2.3947,1.7644,solar,2.1182,1.5606,wind
613,Utah,0.2,15.7483,9.4486,base,10.2106,6.1261,wind,7.8655,4.7191,solar,6.3395,3.8035,solar
614,Wyoming,0.3,9.1745,6.6229,base,3.2631,2.3556,wind,2.0,1.4438,wind,1.6509,1.1918,solar
615,Nevada,0.0,18.4722,12.9836,base,12.2763,8.6287,solar,8.5304,5.9957,solar,6.9596,4.8917,solar
616,Colorado,0.4,12.6155,9.7359,base,5.5961,4.3187,wind,2.5981,2.005,wind,2.0656,1.5941,solar
617,South Dakota,0.25,8.6786,7.1481,base,4.059,3.3432,wind,3.4418,2.8348,solar,2.9188,2.404,solar
618,Nebraska,0.4,9.1684,7.826,base,2.5513,2.1777,wind,1.4435,1.2321,wind,1.3582,1.1594,wind
619,Kansas,0.15,9.7125,7.3956,base,2.9198,2.2233,solar,1.6009,1.219,solar,1.1616,0.8845,solar
620,Oklahoma,0.2,9.6428,7.5376,base,4.1039,3.208,solar,1.8296,1.4302,solar,1.0436,0.8157,solar
621,Iowa,0.35,7.2488,6.1213,base,3.5212,2.9735,wind,2.2139,1.8695,solar,1.4776,1.2478,solar
622,Missouri,0.45,12.3303,10.2285,base,3.3675,2.7935,wind,2.1282,1.7654,wind,1.4134,1.1724,solar
623,Semnan,0.9,18.463,14.5578,base,14.6407,11.544,wind,12.354,9.741,wind,10.8838,8.5818,wind
624,Zanjan,0.85,18.5564,14.6599,base,13.7588,10.8697,wind,10.4834,8.282,wind,8.3569,6.6021,wind
625,Qazvin,0.8,17.6801,13.8555,base,12.4318,9.7425,wind,9.1683,7.185,wind,7.2056,5.6468,wind
626,Gezira,0.5,5.9617,2.7737,base,0.7974,0.371,solar,0.4792,0.2229,wind,0.4195,0.1952,wind
627,Khartoum,0.45,6.8491,3.3369,base,1.1992,0.5842,solar,0.4752,0.2315,solar,0.3529,0.1719,solar
628,North Kordufan,1.0,6.9356,5.5783,base,0.5444,0.4379,wind,0.349,0.2807,wind,0.2653,0.2134,wind
629,Ar Riyad,0.8,9.6691,7.7207,base,4.2104,3.362,solar,1.9501,1.5572,wind,0.904,0.7218,wind
630,Al Quassim,0.6,10.9336,8.4102,base,4.6078,3.5444,wind,2.0733,1.5948,solar,1.4473,1.1132,solar
631,Ha'il,0.65,11.4902,9.3378,base,5.3138,4.3184,wind,2.1123,1.7166,wind,1.3911,1.1305,wind
632,Al Bahah,0.4,8.5056,5.8558,base,4.4163,3.0405,solar,0.9348,0.6436,solar,0.4639,0.3193,solar
633,Beijing,0.35,17.5766,10.5213,base,10.9567,6.5587,solar,6.3503,3.8013,solar,3.756,2.2483,solar
634,Kasaï-Oriental,1.0,4.7982,3.8172,base,2.3805,1.8938,wind,1.012,0.8051,wind,0.488,0.3883,wind
635,Maniema,1.0,5.2633,4.1603,base,1.8592,1.4696,wind,0.6706,0.53,wind,0.5235,0.4138,wind
636,Sichuan,0.9,11.961,8.7367,base,6.3267,4.6212,wind,1.717,1.2541,wind,0.7376,0.5388,wind
637,Chongqing,0.1,9.3312,1.1086,base,6.614,0.7858,solar,4.1265,0.4902,solar,2.0999,0.2495,solar
638,Guizhou,0.8,13.1881,9.2373,base,7.014,4.9128,wind,3.4442,2.4124,wind,2.3017,1.6122,wind
639,Hunan,0.55,13.0073,8.4515,base,7.1772,4.6634,wind,3.8821,2.5224,solar,2.8096,1.8255,solar
640,Ningxia,0.8,15.1276,11.9969,base,9.8216,7.789,wind,6.0705,4.8142,wind,3.7476,2.972,wind
641,Shaanxi,0.6,15.4244,10.9389,base,9.5532,6.7751,wind,4.94,3.5035,solar,4.0828,2.8955,solar
642,Qinghai,1.0,14.9254,11.5314,base,7.8075,6.0321,wind,3.9807,3.0755,wind,1.9772,1.5276,wind
643,Shanxi,0.6,15.5796,11.8664,base,9.9549,7.5823,solar,5.9874,4.5604,solar,4.6438,3.537,wind
644,Jiangxi,0.35,11.3472,7.291,base,6.8699,4.4142,solar,5.1644,3.3183,solar,3.721,2.3909,solar
645,Henan,0.55,13.6252,10.491,base,7.0161,5.4022,wind,3.8046,2.9294,wind,2.887,2.2229,wind
646,Hubei,0.45,10.0363,6.5942,base,4.7617,3.1286,wind,2.6378,1.7331,solar,1.9111,1.2557,solar
647,Anhui,0.55,9.6178,7.5431,base,4.9395,3.874,wind,2.0626,1.6177,solar,1.6672,1.3075,solar
648,Goiás,1.0,5.911,4.7881,base,1.4127,1.1444,wind,0.7189,0.5823,wind,0.661,0.5354,wind
649,Distrito Federal,0.75,5.2787,3.7825,base,1.3799,0.9888,solar,1.0194,0.7305,wind,0.8606,0.6167,wind
650,Minas Gerais,0.95,7.4161,5.9103,base,3.5488,2.8282,wind,0.7639,0.6088,wind,0.5487,0.4373,wind
651,Tocantins,1.0,5.7816,4.5942,base,2.9276,2.3263,wind,1.3114,1.042,wind,1.0828,0.8604,wind
652,Australian Capital Territory,0.75,16.2146,12.079,base,10.8942,8.1156,solar,6.8572,5.1083,wind,4.9313,3.6736,wind
653,Santa Fe,0.4,10.651,8.3463,base,4.8807,3.8246,wind,2.2438,1.7583,wind,1.2579,0.9857,solar
654,Tucumán,0.95,12.6691,9.6637,base,8.7318,6.6604,wind,4.9469,3.7734,wind,2.6705,2.037,wind
655,Santiago del Estero,0.6,14.6299,10.551,base,8.4002,6.0582,wind,3.7962,2.7378,wind,1.7965,1.2957,wind
656,San Luis,0.2,16.1503,10.0396,base,8.6751,5.3927,wind,4.6986,2.9208,solar,2.4195,1.504,solar
657,La Pampa,0.0,12.398,7.3946,base,5.7025,3.4011,solar,2.6519,1.5817,solar,1.6888,1.0072,solar
658,Córdoba,0.5,12.8952,10.3414,base,6.3527,5.0946,wind,1.5748,1.2629,wind,1.2563,1.0075,wind
659,Sétif,0.1,12.8883,3.4496,base,8.1392,2.1785,solar,5.4261,1.4523,solar,3.8777,1.0379,solar
660,Bordj Bou Arréridj,0.25,19.7827,8.3252,base,13.1352,5.5277,wind,9.2927,3.9107,solar,5.9586,2.5076,solar
661,Bouira,0.1,13.0205,5.5691,base,6.6897,2.8613,solar,4.5411,1.9423,solar,3.2674,1.3975,solar
662,Blida,0.35,10.9358,7.8359,base,7.1069,5.0923,solar,4.912,3.5196,solar,3.4826,2.4954,solar
663,Tissemsilt,0.25,19.2052,6.4256,base,12.2765,4.1075,wind,7.9033,2.6443,solar,4.1442,1.3866,solar
664,Aïn Defla,0.6,19.7367,13.3189,base,12.8134,8.6468,wind,7.012,4.7319,wind,4.9339,3.3295,wind
665,Relizane,0.35,14.8158,9.116,base,7.5619,4.6528,wind,5.3753,3.3074,wind,3.6024,2.2165,solar
666,El Bayadh,0.05,13.4938,7.4955,base,8.0799,4.4882,solar,4.3302,2.4053,solar,3.1786,1.7656,solar
667,Saïda,0.0,14.6085,2.3604,base,8.5955,1.3888,solar,5.6703,0.9162,solar,3.6746,0.5937,solar
668,Sidi Bel Abbès,0.15,15.0802,4.8529,base,9.0162,2.9015,wind,5.5589,1.7889,solar,3.6392,1.1711,solar
669,Mascara,0.1,11.4437,6.1639,base,5.4527,2.937,solar,4.4125,2.3767,solar,3.5402,1.9069,solar
670,Ghardaïa,0.0,8.93,4.9951,base,4.8544,2.7153,solar,3.6138,2.0214,solar,2.6547,1.4849,solar
671,Laghouat,0.25,14.6623,8.7538,base,7.6016,4.5383,wind,5.5178,3.2943,wind,3.4748,2.0746,solar
672,Médéa,0.15,17.9116,6.1416,base,11.113,3.8105,wind,5.7121,1.9586,solar,3.7527,1.2867,solar
673,Tiaret,0.0,10.9932,1.5645,base,6.4176,0.9133,solar,4.478,0.6373,solar,3.0968,0.4407,solar
674,M'Sila,0.2,16.8824,7.035,base,10.1419,4.2262,wind,7.5742,3.1562,solar,4.6265,1.9279,solar
675,Batna,0.45,19.5904,12.3833,base,13.1307,8.3001,solar,9.0319,5.7092,solar,6.0845,3.8461,solar
676,Khenchela,0.4,19.5404,13.2327,base,13.0172,8.8152,solar,8.6875,5.8831,wind,5.7933,3.9232,solar
677,Guelma,0.3,8.2714,5.2065,base,5.6473,3.5548,solar,4.492,2.8276,solar,3.5376,2.2268,solar
678,Constantine,0.35,17.4173,8.5928,base,11.7898,5.8165,wind,7.7439,3.8205,solar,5.8266,2.8746,solar
679,Mila,0.2,14.6834,5.5872,base,9.638,3.6674,solar,6.8246,2.5969,solar,4.4559,1.6955,solar
680,Oum el Bouaghi,0.4,15.7973,9.8439,base,9.0579,5.6443,solar,5.4324,3.3852,solar,3.3928,2.1142,solar
681,Biskra,0.15,19.0373,11.1717,base,12.459,7.3113,solar,8.2553,4.8444,solar,5.6323,3.3052,solar
682,Djelfa,0.25,17.4208,8.9907,base,10.4413,5.3887,wind,7.0515,3.6392,solar,4.1079,2.12,solar
683,Bashkortostan,0.15,13.1092,10.3198,base,7.4129,5.8355,wind,7.4129,5.8355,wind,6.7951,5.3492,solar
684,Sverdlovsk,0.1,12.5875,7.5706,base,7.9919,4.8066,solar,6.6474,3.998,solar,5.9061,3.5521,solar
685,Khanty-Mansiy,0.05,13.1348,8.841,base,9.891,6.6577,solar,7.8748,5.3005,solar,6.1811,4.1605,solar
686,Lipetsk,0.35,8.9791,7.0409,base,4.9048,3.846,wind,3.3561,2.6317,wind,3.3561,2.6317,wind
687,Tambov,0.35,7.9067,6.0747,base,3.9294,3.0189,wind,3.1706,2.4359,wind,3.1706,2.4359,wind
688,Tomsk,0.25,11.6733,7.7926,base,8.281,5.5281,wind,7.1882,4.7986,wind,6.1698,4.1187,solar
689,Tatarstan,0.25,9.8939,7.3165,base,6.0899,4.5035,wind,4.3139,3.1901,solar,3.1502,2.3296,solar
690,Ul'yanovsk,0.35,9.1392,7.1211,base,4.4875,3.4966,wind,3.4227,2.6669,wind,3.4227,2.6669,wind
691,Penza,0.3,8.7394,6.3246,base,5.1543,3.7301,wind,4.5387,3.2846,wind,4.4459,3.2175,solar
692,Kemerovo,0.25,13.4507,8.296,base,11.178,6.8942,solar,8.8146,5.4365,solar,7.1443,4.4064,solar
693,Orel,0.3,9.1964,6.5585,base,4.2733,3.0475,wind,3.6749,2.6208,wind,3.6503,2.6033,solar
694,Irkutsk,0.15,16.5898,10.7228,base,13.9252,9.0006,solar,12.6826,8.1974,solar,11.6475,7.5283,solar
695,Khakass,0.2,13.471,6.302,base,11.959,5.5947,solar,10.6176,4.9671,solar,9.5329,4.4597,solar
696,Mordovia,0.35,9.8949,7.8962,base,5.5388,4.42,wind,3.9461,3.149,wind,3.9461,3.149,wind
697,Kaluga,0.2,8.1535,6.1435,base,4.0675,3.0648,wind,3.9011,2.9394,wind,3.9011,2.9394,wind
698,Kostroma,0.2,9.3072,7.5023,base,6.6651,5.3725,wind,5.8098,4.6831,solar,5.0158,4.0431,solar
699,Yaroslavl',0.2,7.1578,5.9564,base,6.3209,5.26,solar,5.5143,4.5888,solar,4.8501,4.036,solar
700,Vladimir,0.3,10.9724,9.127,base,5.1435,4.2785,wind,4.623,3.8455,wind,4.623,3.8455,wind
701,Ryazan',0.35,10.0471,7.9183,base,4.8571,3.8279,wind,3.8617,3.0434,wind,3.8617,3.0434,wind
702,Ivanovo,0.25,9.0978,7.5563,base,5.9454,4.938,wind,5.032,4.1794,solar,4.452,3.6976,solar
703,Nizhegorod,0.25,9.3174,7.3968,base,4.963,3.94,wind,4.5652,3.6242,solar,4.1142,3.2662,solar
704,Tula,0.3,9.1991,6.8816,base,4.6711,3.4943,wind,3.654,2.7335,wind,3.654,2.7335,wind
705,Chuvash,0.25,8.3911,6.1093,base,5.0663,3.6886,solar,4.2219,3.0738,solar,3.7735,2.7474,solar
706,Vologda,0.2,8.6943,6.7839,base,5.9035,4.6063,solar,5.2357,4.0852,solar,4.752,3.7078,solar
707,Novgorod,0.25,8.0977,6.3172,base,6.1541,4.8009,wind,5.6308,4.3927,solar,4.7245,3.6856,solar
708,Tver',0.25,9.3349,7.4127,base,6.3287,5.0255,wind,5.4814,4.3527,solar,4.9457,3.9273,solar
709,Moskovskaya,0.25,7.7076,5.9926,base,4.7016,3.6555,wind,4.3805,3.4058,wind,4.3805,3.4058,wind
710,Moskva,0.15,8.5794,6.3155,base,5.0251,3.6991,solar,4.7138,3.47,solar,4.4059,3.2433,solar
711,Mariy-El,0.2,8.2473,5.6352,base,5.4911,3.752,solar,4.2423,2.8987,solar,3.5983,2.4586,solar
712,Kirov,0.2,9.3743,6.7925,base,5.5115,3.9936,wind,5.2566,3.8089,wind,5.2566,3.8089,wind
713,Udmurt,0.15,9.4602,6.5084,base,6.273,4.3157,wind,5.2415,3.6061,solar,4.515,3.1062,solar
714,Komi,0.1,10.6036,7.96,base,7.0528,5.2945,wind,7.0046,5.2583,solar,6.6655,5.0037,solar
715,Perm',0.15,11.2903,7.8325,base,7.2754,5.0472,wind,7.2754,5.0472,wind,7.0672,4.9028,solar
716,Samara,0.3,9.3061,7.6005,base,5.3653,4.382,wind,4.373,3.5716,wind,4.3068,3.5175,solar
717,Stavropol',0.25,11.3213,8.626,base,7.1013,5.4107,wind,5.1277,3.9069,wind,4.2573,3.2438,solar
718,Adygey,0.1,13.8888,7.754,base,10.473,5.847,solar,7.9232,4.4234,solar,5.9169,3.3033,solar
719,Darhan-Uul,0.9,24.0784,17.8266,base,19.198,14.2134,wind,15.7786,11.6819,wind,13.0501,9.6618,wind
720,Töv,1.0,21.6725,16.1108,base,17.4965,13.0065,wind,14.2595,10.6001,wind,11.5048,8.5523,wind
721,Arhangay,0.35,21.1312,12.5227,base,15.8125,9.3708,wind,12.0947,7.1676,wind,9.9228,5.8805,solar
722,Orhon,1.0,24.3825,18.3986,base,19.568,14.7657,wind,15.1334,11.4194,wind,12.2556,9.2478,wind
723,Dundgovi,0.0,13.8895,11.2181,base,10.6194,8.577,solar,7.3592,5.9439,solar,4.7129,3.8064,solar
724,Övörhangay,0.0,17.6288,12.7288,base,13.0295,9.4079,solar,9.554,6.8984,solar,7.9289,5.725,solar
725,Govĭ-Sümber,0.95,22.8051,17.192,base,19.4618,14.6715,wind,16.2976,12.2862,wind,14.2707,10.7582,wind
726,México,0.85,9.4903,7.3458,base,3.9451,3.0537,solar,1.9015,1.4719,wind,1.4163,1.0963,wind
727,Puebla,0.65,9.1952,6.7552,base,3.0882,2.2687,solar,1.2678,0.9314,solar,1.2678,0.9314,solar
728,Morelos,0.8,9.9735,6.8075,base,4.116,2.8094,solar,1.2743,0.8698,wind,0.7824,0.5341,wind
729,Querétaro,0.2,7.3404,3.7767,base,2.8003,1.4408,solar,1.2386,0.6373,solar,0.9569,0.4923,solar
730,Hidalgo,0.4,11.2432,7.3167,base,5.938,3.8643,solar,3.4562,2.2492,solar,1.9584,1.2745,solar
731,Guanajuato,0.6,9.2475,6.7821,base,3.6954,2.7102,wind,1.9098,1.4007,solar,1.5862,1.1633,solar
732,San Luis Potosí,0.8,11.5446,9.021,base,4.8469,3.7874,wind,2.008,1.5691,wind,1.3284,1.038,wind
733,Zacatecas,0.85,10.0016,7.9309,base,3.1935,2.5323,wind,1.0862,0.8613,wind,0.7529,0.597,wind
734,Aguascalientes,0.7,9.2339,7.1674,base,2.6454,2.0534,wind,1.1917,0.925,wind,0.9723,0.7547,wind
735,Durango,0.9,11.3177,8.983,base,4.6931,3.7249,wind,1.5685,1.2449,wind,1.0617,0.8427,wind
736,Ulaanbaatar,1.0,22.2336,16.4513,base,19.1638,14.1799,wind,15.9488,11.8009,wind,13.7431,10.1689,wind
737,Tlaxcala,0.75,7.3359,5.7564,base,2.7104,2.1269,solar,1.9578,1.5363,solar,1.6184,1.2699,wind
738,Distrito Federal,1.0,8.1886,6.2293,base,2.7164,2.0664,wind,1.6984,1.292,wind,1.2869,0.979,wind
739,Al Jifarah,0.15,9.7509,7.4936,base,5.5073,4.2324,solar,3.7445,2.8777,solar,2.9686,2.2814,solar
740,Mizdah,0.05,13.9601,9.5631,base,9.7866,6.7041,solar,6.0493,4.1439,solar,3.7049,2.538,solar
741,Al Jufrah,0.25,13.0212,8.9612,base,8.3831,5.7693,wind,4.526,3.1148,solar,2.4227,1.6673,solar
742,Sabha,0.0,10.9962,6.7254,base,6.6905,4.092,solar,3.5905,2.196,solar,2.0359,1.2452,solar
743,Wadi al Hayaa,0.25,11.5624,9.0054,base,4.7515,3.7007,wind,2.4802,1.9317,solar,1.8709,1.4571,solar
744,Aqmola,0.15,12.0997,9.193,base,3.7176,2.8245,solar,2.9837,2.2669,solar,2.3807,1.8087,solar
745,Qaraghandy,0.05,10.9028,8.3769,base,5.8101,4.464,solar,3.6582,2.8107,solar,3.0075,2.3107,solar
746,Markazi,0.85,18.106,14.0207,base,13.2441,10.2558,solar,10.4582,8.0985,wind,8.8792,6.8758,wind
747,Esfahan,0.95,17.1857,13.6377,base,13.4351,10.6614,wind,9.8927,7.8503,wind,8.3155,6.5987,wind
748,Chahar Mahall and Bakhtiari,0.9,17.0221,13.0333,base,11.8049,9.0386,wind,8.2085,6.285,wind,6.2408,4.7783,wind
749,Kohgiluyeh and Buyer Ahmad,0.85,16.7574,12.2225,base,10.9211,7.9656,wind,6.75,4.9233,wind,3.8133,2.7813,wind
750,Fars,1.0,15.4529,12.4568,base,10.3747,8.3632,wind,6.2578,5.0444,wind,4.5566,3.6732,wind
751,Kerman,0.9,14.1439,11.4016,base,9.2608,7.4653,wind,5.8594,4.7234,wind,3.8332,3.09,wind
752,Hamadan,0.85,18.3894,14.4991,base,13.4095,10.5727,solar,10.4841,8.2662,wind,8.2312,6.4899,wind
753,Lorestan,0.75,17.706,12.8914,base,12.5616,9.1459,solar,9.2982,6.7699,wind,6.7075,4.8836,wind
754,Yazd,1.0,16.3578,13.2121,base,11.5296,9.3124,wind,7.3554,5.9409,wind,5.1392,4.1509,wind
755,Qom,0.7,17.887,12.9591,base,11.78,8.5346,solar,8.8413,6.4055,solar,7.4849,5.4228,wind
756,Tehran,0.8,18.4243,14.2776,base,13.3996,10.3837,solar,9.9242,7.6906,wind,7.9692,6.1756,wind
757,Alborz,0.7,18.5917,14.2578,base,13.3277,10.2209,wind,9.9592,7.6377,wind,7.536,5.7793,wind
758,Chhattisgarh,0.8,8.5353,6.4683,base,2.5866,1.9602,solar,1.9338,1.4655,solar,1.9338,1.4655,solar
759,Haryana,0.95,11.3083,8.8508,base,7.4738,5.8496,wind,4.6762,3.66,wind,3.0759,2.4075,wind
760,Telangana,0.95,8.88,7.0465,base,2.1271,1.6879,wind,1.0799,0.857,wind,0.7775,0.6169,wind
761,Wisconsin,0.25,6.8587,5.4278,base,3.6161,2.8617,solar,2.4142,1.9106,solar,2.0386,1.6133,solar
762,Illinois,0.4,7.4605,6.231,base,2.3048,1.925,solar,1.6822,1.405,solar,1.3627,1.1382,solar
763,Kentucky,0.4,12.4883,8.6368,base,5.0662,3.5037,solar,1.7689,1.2233,wind,1.6726,1.1568,wind
764,Arkansas,0.45,11.1111,8.4897,base,3.0025,2.2941,solar,1.8676,1.427,solar,1.4109,1.078,solar
765,Tennessee,0.45,11.3849,7.9908,base,4.2953,3.0148,solar,1.6843,1.1822,wind,1.2659,0.8885,solar
766,West Virginia,0.5,11.1604,8.0638,base,4.9619,3.5851,wind,2.4868,1.7968,wind,2.2003,1.5898,wind
767,Indiana,0.5,7.5245,6.1422,base,2.4443,1.9953,solar,1.4228,1.1614,wind,1.2265,1.0012,solar
768,Almaty City,0.9,22.4513,16.9456,base,17.3247,13.0762,wind,13.2251,9.982,wind,10.4717,7.9038,wind
769,Astana,0.3,12.2287,9.7181,base,4.3886,3.4876,wind,3.5023,2.7833,wind,3.5023,2.7833,wind
