region_id,name,solar_cf,solar_f,solar_f_adj,solar_s_net_pct,solar_s_tot_pct,solar_converged,solar_s_seasonal_pct,solar_s_diurnal_pct,solar_s_tot_liion_pct,solar_s_tot_pumped_pct,solar_s_tot_h2_pct,solar_flaute_days,solar_gap30d_max,solar_trend_pct_decade,solar_trend_p,wind_cf,wind_f,wind_f_adj,wind_s_net_pct,wind_s_tot_pct,wind_converged,wind_s_seasonal_pct,wind_s_diurnal_pct,wind_s_tot_liion_pct,wind_s_tot_pumped_pct,wind_s_tot_h2_pct,wind_flaute_days,wind_gap30d_max,wind_trend_pct_decade,wind_trend_p,mix_alpha,mix_s_tot_pct,mix_f_adj,mix_s_pct_production,solar_s_pct_production,wind_s_pct_production,annual_consumption_TWh.1,state_land_km2.1,mix_solar_nameplate_GW.1,mix_wind_nameplate_GW.1,mix_capacity_TWh.1,mix_land_km2.1,mix_land_pct.1,feasible_1pct.1,mix_storage_TWh.1,mix_supply_capped_TWh.1,mix_shortfall_TWh.1,mix_storage_TWh,mix_supply_capped_TWh,mix_shortfall_TWh,annual_consumption_TWh,state_land_km2,mix_solar_nameplate_GW,mix_wind_nameplate_GW,mix_capacity_TWh,mix_land_km2,mix_land_pct,solar_land_km2,solar_land_pct,wind_land_km2,wind_land_pct,feasible_1pct,mix_storage_TWh_1pct,mix_supply_capped_TWh_1pct,mix_shortfall_TWh_1pct,feasible_oilgas2x,mix_storage_TWh_oilgas2x,mix_supply_capped_TWh_oilgas2x,mix_shortfall_TWh_oilgas2x,feasible_oilgas_all,mix_storage_TWh_oilgas_all,mix_supply_capped_TWh_oilgas_all,mix_shortfall_TWh_oilgas_all
345,Washington,0.1561,1.072,1.334,29.2958,33.2612,True,32.3604,0.9008,30.0083,30.3206,349.7917,2.75,0.809,0.4583,0.5968,0.1191,1.6848,2.0816,14.6166,17.6639,True,17.6454,0.0185,14.9785,14.7351,21.9622,16.25,0.9193,-36.587,0.0,0.0,17.6639,2.0816,8.485732129131438,24.933433283358323,8.485732129131438,88.04889469115383,174112.27434377198,0.0,175.6731222267327,1538.8965507061785,1756.731222267327,1.0089646056766737,False,,181.65412161924675,0.0,,181.65412161924675,0.0,88.04889469115383,174112.27434377198,0.0,175.6731222267327,1538.8965507061785,1756.731222267327,1.0089646056766735,2863.1986071742845,1.6444553481169901,1756.731222267327,1.0089646056766735,False,,181.65412161924675,0.0,True,15.552868709350724,,0.0,True,15.552868709350724,,0.0
347,Idaho,0.1823,1.0811,1.3165,21.2142,24.479,True,23.8461,0.6329,21.7632,22.0507,272.4386,1.75,0.7486,-0.5649,0.5968,0.132,1.4094,1.6903,11.8139,14.9843,True,12.9511,2.0332,11.7234,10.7865,23.1025,12.875,0.9266,-12.1379,0.0024,0.2,13.2487,1.5329,8.642899080174832,18.593999240410177,8.864876057504585,23.54561718923077,216253.6856592715,4.520256963829986,24.970995288066863,258.3433697266164,400.3851850083349,0.1851460629619882,True,3.119488184549617,,0.0,3.119488184549617,,0.0,23.54561718923077,216253.6856592715,4.520256963829986,24.970995288066863,258.3433697266164,400.3851850083349,0.1851460629619882,647.0217988651333,0.2991957324993658,344.1880857803788,0.15915940795694936,True,3.119488184549617,,0.0,True,3.119488184549617,,0.0,True,3.119488184549617,,0.0
348,Montana,0.1614,1.0794,1.3305,25.5589,29.2962,True,28.5055,0.7907,26.2245,26.5587,299.6545,0.875,0.7631,-0.8465,0.2517,0.2872,1.3113,1.462,7.9914,9.3629,True,8.8701,0.4929,8.0232,7.6794,11.0761,6.75,0.6606,-5.2041,0.0707,0.0,9.3629,1.462,6.404172366621067,22.018940248027057,6.404172366621067,14.285690402692309,379494.47982903774,0.0,8.301566760445743,72.72172482150471,83.01566760445743,0.0218753294229354,True,1.3375549067136785,,0.0,1.3375549067136785,,0.0,14.285690402692309,379494.47982903774,0.0,8.301566760445743,72.72172482150471,83.01566760445743,0.021875329422935477,448.11266809212486,0.11808147203985672,83.01566760445743,0.021875329422935477,True,1.3375549067136783,,0.0,True,1.3375549067136783,,0.0,True,1.3375549067136783,,0.0
351,North Dakota,0.1561,1.0375,1.2846,26.1746,29.6394,True,28.5777,1.0618,26.8232,27.1646,506.2247,1.75,0.7419,0.1744,0.7914,0.4085,1.1731,1.2861,6.278,8.2099,True,8.1499,0.06,6.484,6.3883,16.874,5.625,0.6256,3.8764,0.0219,0.05,7.2412,1.2728,5.6891891891891895,23.072863148061654,6.383562708965088,17.038755564615382,182745.4858770661,0.7929778096613832,5.757387725029854,57.38120208389524,84.00647090567799,0.0459691086225733,True,1.233810367944929,,0.0,1.233810367944929,,0.0,17.038755564615382,182745.4858770661,0.7929778096613832,5.757387725029854,57.38120208389524,84.00647090567799,0.04596910862257336,533.5529511266566,0.29196505104677695,61.2373577786306,0.033509641830400845,True,1.233810367944929,,0.0,True,1.233810367944929,,0.0,True,1.233810367944929,,0.0
353,Minnesota,0.1547,1.0336,1.27,22.7061,25.9311,True,25.0848,0.8464,23.2905,23.5977,513.9085,1.75,0.7477,0.419,0.5085,0.3195,1.1554,1.2944,17.4898,19.6029,True,19.4879,0.1151,17.4422,16.3384,41.4034,7.875,0.6908,4.9867,0.0426,0.25,10.9001,1.2224,8.91696662303665,20.41818897637795,15.144391223733004,65.94600800846153,224777.9775293319,14.871248850615157,21.601710771738635,319.5031262918192,711.7254027378915,0.3166348458869893,True,7.188180818930316,,0.0,7.188180818930316,,0.0,65.94600800846153,224777.9775293319,14.871248850615155,21.601710771738635,319.5031262918192,711.7254027378915,0.3166348458869893,2060.044288861393,0.9164795908854426,304.98750461320344,0.13568389037284795,True,7.188180818930316,,0.0,True,7.188180818930316,,0.0,True,7.188180818930316,,0.0
355,Michigan,0.1572,1.0519,1.2916,23.4278,26.6552,True,25.8777,0.7775,23.9815,24.2177,424.4853,1.875,0.7651,0.248,0.9297,0.3383,1.233,1.391,16.3048,18.5176,True,18.1996,0.318,16.5557,16.2456,26.8295,8.875,0.7269,-8.7859,0.0009,0.3,8.2008,1.2738,6.438059349976448,20.637349024465777,13.312437095614667,103.38377786153848,250044.81725961616,28.68918754575528,31.10610106941483,523.8067282688901,1267.3672622193244,0.5068560412925672,True,8.478296854869047,,0.0,8.478296854869047,,0.0,103.38377786153848,250044.81725961616,28.689187545755278,31.10610106941483,523.8067282688901,1267.3672622193244,0.5068560412925672,3232.232047076771,1.2926610847209896,485.25880478608457,0.19406873139955977,True,8.478296854869047,,0.0,True,8.478296854869047,,0.0,True,8.478296854869047,,0.0
356,Ohio,0.1612,1.0448,1.2777,22.2843,24.6917,True,23.7864,0.9053,22.5152,22.3931,460.6327,1.875,0.7353,-0.5718,0.378,0.283,1.12,1.2966,24.711,28.738,True,28.5021,0.2358,25.453,25.8564,57.7399,13.625,0.8028,3.3119,0.1125,0.5,8.7195,1.1824,7.374407983761841,19.3251154418095,22.16412154866574,152.85828620307691,116044.28978144842,63.99621191751013,36.452965940292,879.9347980343466,2497.7367233199243,2.152399508863407,False,,83.97123157770989,68.88705462536703,,83.97123157770989,68.88705462536703,152.85828620307691,116044.28978144842,63.99621191751013,36.452965940291996,879.9347980343466,2497.7367233199243,2.152399508863407,4610.281910633892,3.9728640843221577,799.4742158014649,0.6889388674851229,False,,83.97123157770989,68.88705462536703,False,,157.86591536609458,0.0,True,13.32847826547729,,0.0
357,Pennsylvania,0.1551,1.0762,1.3152,21.6682,24.6249,True,23.6712,0.9537,22.1184,22.2267,305.6596,2.75,0.7291,-0.2616,0.86,0.2322,1.4115,1.6811,23.1736,27.3393,True,26.3233,1.016,23.7411,23.5346,38.1265,11.625,0.8551,-21.257,0.0003,0.3,11.5052,1.4293,8.049534737283984,18.723312043795623,16.262744631491287,144.2187794573077,119356.89573033058,45.51458216933174,70.93767134832538,1020.1217408146764,2226.5294524609785,1.8654384724377349,False,,110.5005094105082,33.71827004679952,,110.5005094105082,33.71827004679952,144.2187794573077,119356.89573033058,45.51458216933174,70.93767134832538,1020.1217408146763,2226.5294524609785,1.8654384724377349,4653.465058195162,3.8987819092656233,1191.925311128023,0.9986229147757022,False,,110.50050941050819,33.71827004679952,True,16.592659014122166,,0.0,True,16.592659014122166,,0.0
358,New York,0.154,1.0738,1.3107,21.0629,24.0484,True,23.2149,0.8335,21.5327,21.7158,308.079,1.875,0.7395,0.1476,0.9648,0.3068,1.2687,1.4617,20.6536,24.0459,True,23.5335,0.5124,21.1844,21.2468,36.771,9.625,0.7593,-12.7748,0.0002,0.3,12.7737,1.3396,9.53545834577486,18.34775310902572,16.450639666142163,144.60972150653845,136933.03820136876,43.07934151622462,50.45581285798582,819.3679523180833,1940.536179120679,1.41714242567743,False,,136.69704570276787,7.912675803770583,,136.69704570276787,7.912675803770583,144.60972150653845,136933.03820136876,43.07934151622462,50.45581285798582,819.3679523180833,1940.536179120679,1.4171424256774299,4683.329428794302,3.42016031361779,786.4955600234384,0.5743650840981462,False,,136.69704570276787,7.912675803770583,True,18.4720119960807,,0.0,True,18.4720119960807,,0.0
360,Vermont,0.1495,1.096,1.3462,24.0722,27.4255,True,26.8473,0.5782,24.6096,24.7717,209.5836,3.625,0.7408,-0.1922,0.9297,0.224,1.9551,2.466,18.217,20.8579,True,19.4139,1.444,18.1165,16.9542,13.9816,9.75,0.8925,-47.9311,0.0,0.4,15.4937,1.7308,8.951756413219321,20.37253008468281,8.458191403081914,5.553007269999999,24636.673633485032,2.9355522923950463,2.938828578435665,51.45957642847703,127.24002886419152,0.5164659432402139,True,0.8603662873919898,,0.0,0.8603662873919898,,0.0,5.553007269999999,24636.673633485032,2.9355522923950463,2.938828578435665,51.45957642847703,127.24002886419153,0.5164659432402139,190.27041907510068,0.7723056363278438,69.78614200006116,0.28326121877594324,True,0.8603662873919898,,0.0,True,0.8603662873919898,,0.0,True,0.8603662873919898,,0.0
361,New Hampshire,0.1524,1.0809,1.3213,21.4756,24.5722,True,23.7542,0.818,21.9659,22.1531,279.8104,2.75,0.7318,0.6249,0.8255,0.2122,1.7751,2.2283,21.8617,25.3667,True,24.2192,1.1475,22.0854,20.9126,26.1296,12.125,0.8929,-43.997,0.0,0.45,15.036,1.6011,9.39104365748548,18.59698781503065,11.383880087959431,10.8503019,24266.452895157137,5.855766089179295,5.140122668289964,96.32398551543072,246.5934296555428,1.016190667506892,False,,17.09562873147738,0.0,,17.09562873147738,0.0,10.8503019,24266.452895157137,5.855766089179295,5.140122668289964,96.32398551543072,246.59342965554282,1.016190667506892,357.9587058727033,1.4751175518698953,130.0666625984468,0.5359937159353202,False,,17.09562873147738,0.0,True,1.6314513936839998,,0.0,True,1.6314513936839998,,0.0
362,Maine,0.1477,1.0897,1.3363,22.7623,26.0161,True,25.2436,0.7725,23.2887,23.4852,244.8352,2.75,0.7464,-0.4584,0.7914,0.246,1.433,1.6857,19.1924,22.6019,True,21.6297,0.9721,19.5706,19.1844,30.414,10.375,0.808,-23.1739,0.0,0.45,13.2626,1.4255,9.303823219922837,19.4687570156402,13.408020406952602,11.730027845384615,84258.00840310543,5.815595301563159,4.267659298306081,88.32931029485452,236.52976970183275,0.2807208171480055,True,1.5557066730219802,,0.0,1.5557066730219802,,0.0,11.730027845384615,84258.00840310543,5.8155953015631585,4.267659298306081,88.32931029485452,236.52976970183275,0.28072081714800556,403.8286761749015,0.47927631311069285,91.75719242568235,0.10890026261563113,True,1.5557066730219802,,0.0,True,1.5557066730219802,,0.0,True,1.5557066730219802,,0.0
364,Arizona,0.2291,1.0306,1.237,13.0291,15.3335,True,13.25,2.0835,13.318,13.5291,500.435,1.75,0.6593,0.8181,0.0524,0.2,1.5192,1.8131,22.8283,24.059,True,24.2053,-0.1463,21.484,19.7957,26.4492,9.75,0.8275,18.4729,0.0001,0.85,15.104,1.2696,11.89666036546944,12.395715440582054,13.269538359715405,75.61405783269231,295064.9777648857,40.65923369524596,8.219144505512514,428.1745930386442,1437.499234896657,0.4871805680856127,True,11.420747295049845,,0.0,11.420747295049845,,0.0,75.61405783269231,295064.9777648857,40.65923369524596,8.219144505512514,428.1745930386442,1437.499234896657,0.4871805680856127,1553.537692310663,0.5265069762188301,782.5105494089864,0.2651993995819145,True,11.420747295049845,,0.0,True,11.420747295049845,,0.0,True,11.420747295049845,,0.0
367,California,0.2176,1.0265,1.241,17.0232,19.6879,True,18.316,1.372,17.4586,17.7532,523.1484,0.875,0.6939,0.7617,0.1583,0.1516,1.4447,1.6991,15.9841,19.1969,True,18.1599,1.037,16.2701,16.2137,28.111,13.5,0.8994,-22.4773,0.0,0.35,18.3946,1.4273,12.887690044139283,15.864544721998389,11.298275557648166,253.36953311,409742.3340477223,66.4010128722458,177.00262458821047,2132.2158641535966,3983.393341623632,0.972170315493856,True,46.60631213745206,,0.0,46.60631213745206,,0.0,253.36953311,409742.3340477223,66.4010128722458,177.00262458821047,2132.2158641535966,3983.3933416236314,0.9721703154938561,5498.47077061632,1.341933774891788,3241.679119131102,0.7911506451158028,True,46.60631213745206,,0.0,True,46.60631213745206,,0.0,True,46.60631213745206,,0.0
368,New Mexico,0.2232,1.0344,1.2438,14.3225,16.7818,True,15.6624,1.1194,14.6894,14.9412,489.8659,0.75,0.6651,0.5348,0.3546,0.271,1.6736,1.9628,22.5,24.0187,True,22.4082,1.6105,21.238,18.2804,24.5715,8.75,0.8802,30.7849,0.0001,0.9,15.1092,1.2705,11.89232585596222,13.492362116095835,12.236957407784796,23.25901714,315076.48853272694,13.602233979769665,1.244780083757519,130.05984319649812,465.8556001632306,0.1478547645153289,True,3.5142514177168804,,0.0,3.5142514177168804,,0.0,23.25901714,315076.48853272694,13.602233979769665,1.244780083757519,130.05984319649812,465.85560016323063,0.1478547645153289,493.1991961181077,0.1565331638723272,192.30652092870983,0.061034868651817856,True,3.5142514177168804,,0.0,True,3.5142514177168804,,0.0,True,3.5142514177168804,,0.0
370,Texas,0.2075,1.0631,1.273,12.8355,14.9273,True,13.7836,1.1438,13.0778,13.0617,349.4795,1.75,0.665,1.8976,0.0524,0.3598,1.3467,1.4881,17.2004,19.2,True,19.1197,0.0803,17.3294,16.6808,22.129,7.0,0.7028,17.5331,0.0,0.4,10.0362,1.3396,7.491937891908032,11.726080125687352,12.90235871245212,387.65791063884615,685340.7421274559,114.2777217564611,98.85753445441496,1867.064844407275,4797.832736426187,0.7000653020470673,True,38.90612322753587,,0.0,38.90612322753587,,0.0,387.65791063884615,685340.7421274559,114.2777217564611,98.85753445441497,1867.0648444072747,4797.832736426187,0.7000653020470673,9049.687705034772,1.3204654486091767,1830.2714370162107,0.2670600658199052,True,38.90612322753587,,0.0,True,38.90612322753587,,0.0,True,38.90612322753587,,0.0
444,Alaska,0.1058,1.1152,1.4265,39.3782,46.462,True,45.6204,0.8416,40.7999,41.9587,167.3948,75.875,0.9644,0.6282,0.4806,0.224,1.5368,1.7209,6.6039,7.3869,True,6.4394,0.9475,6.3743,5.149,7.7493,9.75,0.7685,-31.7702,0.0,0.05,6.9136,1.6684,4.143850395588587,32.57062740974413,4.292463245975942,6.012782697307693,1505330.4374152452,0.5411976726672707,4.856765899981015,47.28616089639898,66.6075814220525,0.0044247814145326,True,0.4156997445610647,,0.0,0.4156997445610647,,0.0,6.012782697307693,1505330.4374152452,0.5411976726672707,4.856765899981015,47.28616089639898,66.6075814220525,0.00442478141453263,308.4865659953095,0.020492946819370896,52.732579826100825,0.00350305677181724,True,0.4156997445610647,,0.0,True,0.4156997445610647,,0.0,True,0.4156997445610647,,0.0
532,Louisiana,0.1901,1.0659,1.2793,14.7555,16.981,True,16.0999,0.8812,15.0086,14.9357,345.4358,1.875,0.6829,-0.79,0.4806,0.1867,1.2124,1.4403,30.413,35.3173,True,34.6959,0.6215,31.2831,31.6195,63.7482,14.875,0.8983,-5.5875,0.0246,0.55,12.1211,1.2496,9.69998399487836,13.27366528570312,24.520794278969664,86.25969755884616,119548.2078013206,35.60044397339768,29.65808033991628,571.6646729846302,1483.2622691790857,1.2407231329173476,False,,86.87685045098192,0.0,,86.87685045098192,0.0,86.25969755884616,119548.20780132059,35.60044397339768,29.658080339916282,571.6646729846302,1483.2622691790857,1.2407231329173476,2208.88371431186,1.8476928721364398,759.6481205289057,0.6354324623514048,False,,86.87685045098192,0.0,True,10.455624200805302,,0.0,True,10.455624200805302,,0.0
533,Mississippi,0.1889,1.0571,1.2714,15.1052,17.409,True,16.4802,0.9288,15.4066,15.4235,388.3054,1.875,0.6954,-0.4649,0.7243,0.1778,1.2941,1.5637,31.4288,37.2055,True,36.6448,0.5607,32.5033,33.1585,56.0415,15.875,0.9412,-9.0108,0.0195,0.55,13.1812,1.2721,10.361764012263189,13.69277961302501,23.793246786468,47.82020231692307,123806.13328923918,20.21898207360495,17.57556571394609,331.0802386189471,849.7217262596257,0.6863324971748235,True,6.303276507798265,,0.0,6.303276507798265,,0.0,47.82020231692307,123806.13328923918,20.21898207360495,17.57556571394609,331.0802386189471,849.7217262596257,0.6863324971748235,1224.7185545438504,0.9892228454325686,480.0969893508984,0.38778126462384793,True,6.303276507798265,,0.0,True,6.303276507798265,,0.0,True,6.303276507798265,,0.0
534,Alabama,0.1911,1.0602,1.2759,14.5904,16.857,True,16.1358,0.7212,14.8991,14.9477,372.5595,1.875,0.6875,0.4442,0.6916,0.1597,1.6219,2.0197,28.5714,33.7497,True,32.7813,0.9684,29.346,29.2259,44.6304,16.875,0.9378,-14.5222,0.0106,0.65,9.6453,1.3285,7.260293564170117,13.211850458499882,16.71025399811853,87.13784368,133834.9208615295,44.94867880008076,28.961922658286227,647.4568687752948,1787.9085199188878,1.3359058371385173,False,,86.65477918476736,0.4830644952326395,,86.65477918476736,0.4830644952326395,87.13784368,133834.9208615295,44.94867880008076,28.961922658286227,647.4568687752948,1787.9085199188878,1.3359058371385173,2213.7949791464466,1.654123576190492,1258.0116176770941,0.9399726241693518,False,,86.65477918476736,0.4830644952326395,True,8.404706436467041,,0.0,True,8.404706436467041,,0.0
535,Florida,0.2069,1.0651,1.2729,10.373,12.3368,True,11.3079,1.0289,10.5863,10.6139,342.6336,0.875,0.6496,-0.5451,0.86,0.1582,1.3873,1.6726,36.1452,40.2657,True,38.4255,1.8402,36.1266,34.2196,58.0755,21.875,0.9778,14.3723,0.0093,0.85,9.5547,1.2474,7.65969215969216,9.691884672794409,24.07371756546694,230.13740888346155,146720.53087587006,134.63168697352606,31.072316540666183,1451.5670707843242,4798.446064524197,3.270466672850186,False,,87.77750472872049,142.35990415474106,,87.77750472872049,142.35990415474106,230.13740888346155,146720.53087587006,134.63168697352606,31.072316540666186,1451.5670707843242,4798.446064524197,3.270466672850186,5387.6038426154255,3.672017685904844,2777.593749447825,1.8931186609444262,False,,87.77750472872049,142.35990415474106,False,,165.0217088899945,65.11569999346705,True,21.9889390065881,,0.0
536,Georgia,0.192,1.0702,1.2856,13.1192,15.4894,True,14.2106,1.2788,13.129,13.1882,322.9822,1.875,0.6746,-0.0236,0.9648,0.165,1.2441,1.4979,32.2107,36.5486,True,35.6548,0.8938,32.6992,31.6514,71.0607,12.5,0.9398,-4.5281,0.0707,0.65,11.7183,1.2527,9.354434421649238,12.048382078406968,24.39989318379064,134.83738778615384,152163.87791979985,65.27778799931905,40.90132730586704,930.1290500734302,2584.939539702639,1.6987865813100982,False,,99.43026248150105,35.407125304652794,,99.43026248150105,35.407125304652794,134.83738778615384,152163.87791979985,65.27778799931905,40.901327305867035,930.1290500734302,2584.939539702639,1.6987865813100982,3435.4972439806775,2.257761362911246,1397.349682889718,0.9183189216735205,False,,99.43026248150105,35.407125304652794,True,15.800649612944865,,0.0,True,15.800649612944865,,0.0
537,South Carolina,0.189,1.084,1.3054,13.0914,15.3136,True,14.4598,0.8538,13.3799,13.4351,258.0581,1.875,0.6788,-0.1905,0.9648,0.1873,1.3202,1.5654,23.0039,26.1431,True,25.1046,1.0385,22.8026,21.4356,42.8201,13.625,0.8598,-7.6192,0.0136,0.5,11.3568,1.3054,8.699862111230274,11.73096368929064,16.700587709211703,80.03401242346155,80163.65908160922,31.55166576598376,31.83803966775724,555.2938195995712,1370.102588877031,1.709131799338428,False,,61.128345899378566,18.90566652408298,,61.128345899378566,18.90566652408298,80.03401242346155,80163.65908160922,31.55166576598376,31.838039667757236,555.2938195995712,1370.102588877031,1.709131799338428,2103.444384398917,2.6239375902957995,763.5861390517416,0.9525340382409266,False,,61.128345899378566,18.90566652408298,True,9.08930272290768,,0.0,True,9.08930272290768,,0.0
538,North Carolina,0.1821,1.0859,1.3108,14.4478,16.8272,True,15.7325,1.0947,14.7457,14.7884,247.9641,1.75,0.6953,0.0471,0.9648,0.1868,1.3578,1.6146,22.0709,25.7918,True,25.238,0.5537,22.6523,22.7359,38.1864,11.625,0.8873,-16.8204,0.0,0.55,13.2246,1.2991,10.179816796243554,12.837351235886484,15.974111234980798,130.91789822153845,127661.28035536745,58.63949813614147,46.77062171273226,923.392649876134,2422.356154998705,1.8974869657077336,False,,89.63194195969879,41.28595626183966,,89.63194195969879,41.28595626183966,130.91789822153845,127661.28035536745,58.63949813614147,46.77062171273226,923.3926498761339,2422.356154998705,1.8974869657077336,3585.9163176770044,2.8089302470529676,1291.7634570493678,1.0118678533174028,False,,89.63194195969879,41.28595626183966,False,,168.50805088423377,0.0,True,17.313368368205573,,0.0
539,Virginia,0.1715,1.0921,1.3253,17.402,20.0335,True,18.8964,1.1371,17.7556,17.8061,225.2206,1.875,0.7102,-0.8286,0.5666,0.1695,1.5571,1.9099,26.3899,30.0466,True,29.1047,0.9419,26.1274,25.9811,40.2251,10.75,0.8874,-28.0283,0.0,0.5,16.2287,1.4151,11.468235460391492,15.11620010563646,15.732027854861512,113.81932250884616,103724.65740872295,53.60495070432399,54.23745749729537,944.6994958461856,2329.2062651170863,2.245566602296829,False,,71.72609492745646,42.09322758138971,,71.72609492745646,42.09322758138971,113.81932250884617,103724.65740872295,53.60495070432399,54.23745749729537,944.6994958461855,2329.2062651170863,2.245566602296829,3346.884374175703,3.226700822917579,1464.0395742220958,1.4114672545536644,False,,71.72609492745646,42.09322758138971,False,,134.84505846361813,0.0,True,18.471396391993117,,0.0
540,District of Columbia,0.1676,1.1202,1.3603,16.0626,18.5224,True,17.3,1.2224,16.3479,16.3019,92.7232,4.75,0.7161,-0.3287,0.7576,0.2216,1.308,1.5678,20.7645,23.9669,True,23.5821,0.3848,21.2242,21.1614,33.1364,6.375,0.7882,-13.3136,0.0001,0.4,12.5546,1.3412,9.36072174172383,13.616408145262074,15.286962622783516,11.026108516153846,162.242960263741,4.029003809315924,4.570810278258227,75.33437140714956,180.00822975977974,110.94979373352142,False,,0.1332874649355707,10.892821051218275,,0.1332874649355707,10.892821051218275,11.026108516153846,162.242960263741,4.029003809315924,4.570810278258227,75.33437140714956,180.00822975977974,110.94979373352142,340.5317304038952,209.88998835470534,89.05105321420184,54.88746819550203,False,,0.1332874649355707,10.892821051218275,False,,0.2505804340788729,10.775528082074972,False,,0.6664373246778535,10.359671191475993
541,Maryland,0.1649,1.1012,1.3392,17.7827,20.4279,True,19.2927,1.1352,18.1364,18.1717,178.4147,3.875,0.7094,-0.4176,0.8948,0.2546,1.2787,1.5055,20.8873,23.9134,True,23.808,0.1054,21.2755,21.2067,33.1785,6.75,0.8071,-11.809,0.0009,0.35,12.3639,1.3283,9.3080629375894,15.2538082437276,15.884025240783792,62.43139031769231,25462.074163726647,20.09289254844277,24.168518547916488,387.72996120410704,911.4482704272572,3.5796308838252826,False,,23.166527066715936,39.264863250976376,,23.166527066715936,39.264863250976376,62.43139031769231,25462.074163726647,20.092892548442766,24.168518547916488,387.72996120410704,911.4482704272571,3.5796308838252826,1929.3118451349956,7.577198278227857,421.42593684105503,1.655112360961621,False,,23.166527066715936,39.264863250976376,False,,43.55307088542597,18.878319432266345,True,7.71895466748916,,0.0
542,Delaware,0.168,1.1021,1.3388,17.617,20.2764,True,19.0394,1.2371,17.9579,17.9903,170.9359,3.75,0.7115,-0.4648,0.6277,0.3211,1.2575,1.4567,18.9631,21.9993,True,21.8302,0.1692,19.4302,19.4592,30.2139,6.875,0.7538,-6.7687,0.0195,0.3,12.4992,1.3207,9.464072082986297,15.145204660890348,15.102148692249605,11.543375219615385,5171.6627310307085,3.107741285988673,3.793941401767549,60.45874034474451,141.53079021729795,2.7366593217321222,False,,5.570783155755303,5.972592063860082,,5.570783155755303,5.972592063860082,11.543375219615385,5171.6627310307085,3.1077412859886735,3.7939414017675492,60.45874034474451,141.53079021729795,2.7366593217321222,350.0369361097765,6.76836356728186,59.78035933276498,1.1559214597285001,False,,5.5707831557553025,5.972592063860082,False,,10.473072332819969,1.0703028867954156,True,1.4428295554501662,,0.0
543,New Jersey,0.163,1.122,1.3607,15.8385,18.3241,True,17.0559,1.2682,16.1386,16.1348,80.1581,2.875,0.7216,-0.2457,0.9297,0.2667,1.2721,1.4993,23.99,27.8533,True,27.6298,0.2235,24.6217,24.756,39.0905,6.25,0.8059,-9.6519,0.0055,0.45,12.909,1.3008,9.92389298892989,13.46667156610568,18.57753618355233,75.45656838,19667.5664678144,30.93345159741491,23.10697775868222,473.3941611594108,1262.184830833986,6.417595348664652,False,,15.294498767225557,60.16206961277444,,15.294498767225557,60.16206961277444,75.45656838,19667.566467814402,30.93345159741491,23.10697775868222,473.3941611594108,1262.1848308339859,6.417595348664652,2396.8809842719274,12.186972842798713,484.237556658731,2.462112216329237,False,,15.294498767225555,60.16206961277444,False,,28.75365768238405,46.70291069761595,False,,76.4724938361278,0.0
544,Connecticut,0.1626,1.0904,1.328,18.5283,21.2551,True,19.9358,1.3193,18.9156,19.0149,231.6249,2.625,0.7226,0.7919,0.4275,0.276,1.4578,1.7359,18.6989,21.6758,True,21.0282,0.6476,19.0649,18.7574,27.7911,8.75,0.7855,-30.3261,0.0,0.3,11.6513,1.4843,7.849693458195784,16.00534638554217,12.48677919234979,29.66977933076923,12704.661238684594,9.275399219165608,12.750313274461703,192.94524144417525,436.683106716804,3.43718811948438,False,,12.812465285509926,16.857314045259304,,12.812465285509926,16.857314045259304,29.66977933076923,12704.661238684594,9.275399219165607,12.750313274461705,192.94524144417525,436.683106716804,3.43718811948438,922.0755135643383,7.257773318321139,213.02267363295903,1.676728482805377,False,,12.812465285509926,16.857314045259304,False,,24.08743473675866,5.582344594010571,True,3.4569149991659156,,0.0
545,Rhode Island,0.1622,1.0653,1.2953,17.907,20.6668,True,19.8145,0.8523,18.3154,18.5475,347.7445,2.75,0.7256,0.2033,0.86,0.3563,1.4767,1.7195,15.0177,17.1024,True,16.5147,0.5877,15.1321,14.5623,19.587,6.25,0.7089,-25.2193,0.0,0.3,11.533,1.4838,7.772610863997843,15.955222728325484,9.94614713579529,7.607983152307693,2832.363477046324,2.383478329095264,2.531762835489534,43.05751260176284,104.76690599140414,3.6989216546690646,False,,3.051896324201582,4.55608682810611,,3.051896324201582,4.55608682810611,7.607983152307693,2832.363477046324,2.383478329095264,2.531762835489534,43.05751260176284,104.76690599140414,3.6989216546690646,231.18715308121003,8.16234056662456,41.91329400982279,1.4797992683315937,False,,3.0518963242015826,4.55608682810611,False,,5.737565089498976,1.8704180628087164,True,0.8774286969556461,,0.0
546,Massachusetts,0.159,1.0677,1.3013,19.5729,22.3957,True,21.1883,1.2073,20.007,20.1654,339.6273,2.75,0.7255,0.6793,0.6277,0.2914,1.4369,1.6952,18.6517,21.0769,True,20.831,0.2459,18.7728,18.0539,25.8326,8.875,0.782,-27.1141,0.0,0.5,12.3512,1.379,8.956635242929659,17.210251287174366,12.433282208588956,53.67755506269231,21161.47715809192,26.5720931447448,14.498842862094794,359.7813994199148,1030.7248667791075,4.870760481788814,False,,15.197082408016076,38.48047265467624,,15.197082408016076,38.48047265467624,53.677555062692306,21161.47715809192,26.572093144744798,14.498842862094794,359.7813994199148,1030.7248667791077,4.870760481788814,1671.6589223715932,7.899537966480611,356.4675622889499,1.6845117173336863,False,,15.197082408016076,38.480472654676234,False,,28.570514927070224,25.107040135622082,True,6.629822180903253,,0.0
562,Oregon,0.1793,1.0438,1.289,27.4882,31.2245,True,30.3832,0.8413,28.1576,28.4827,468.6461,1.75,0.754,0.2952,0.7576,0.1559,1.2387,1.4579,16.2937,18.4873,True,18.6883,-0.201,16.3099,15.4652,38.5299,10.875,0.8839,-8.7669,0.012,0.35,16.9394,1.3125,12.906209523809522,24.223816912335145,12.680773715618356,49.547076026153846,251885.85039588684,14.491087899870898,30.95141279740591,398.0763061081449,792.5503913030891,0.3146466504797488,True,8.392977396374304,,0.0,8.392977396374304,,0.0,49.547076026153846,251885.85039588684,14.491087899870898,30.95141279740591,398.0763061081449,792.5503913030891,0.3146466504797488,1355.393182979308,0.5380981825096757,528.926765917516,0.2099866924188899,True,8.392977396374304,,0.0,True,8.392977396374304,,0.0,True,8.392977396374304,,0.0
600,Hawaii,0.2631,1.1481,1.3803,5.8962,7.4386,True,6.1887,1.2499,5.916,5.7038,50.8027,1.75,0.6309,3.5729,0.0136,0.288,1.5799,1.8107,23.2729,26.5148,True,25.994,0.5207,23.2399,21.5396,27.851,19.5,0.8802,-15.8647,0.0004,0.95,7.3699,1.3844,5.323533660791679,5.389118307614287,14.643397581046004,9.696683411923075,16848.04963778266,5.533290330817229,0.2660469089981751,50.80219422078294,187.10348011722272,1.110534952945729,False,,12.087947776752538,0.0,,12.087947776752538,0.0,9.696683411923077,16848.04963778266,5.533290330817229,0.2660469089981751,50.80219422078294,187.10348011722272,1.110534952945729,193.5755471653315,1.1489492928085154,69.59421238413684,0.41306984416800424,False,,12.087947776752538,0.0,True,0.7146358707753189,,0.0,True,0.7146358707753189,,0.0
613,Utah,0.2031,1.0427,1.2609,18.2317,21.1107,True,20.1167,0.994,18.6959,18.9828,450.8225,0.875,0.7064,-0.3555,0.6277,0.1626,1.5785,1.9282,19.931,22.4147,True,22.6902,-0.2755,19.6619,18.8432,26.1891,11.875,0.8742,11.9398,0.0036,0.55,16.5056,1.3958,11.825189855280128,16.742564834641925,11.624675863499638,28.99926949538462,219762.24660024984,12.512927027709663,12.787867222380912,221.63495763079345,544.9762398141313,0.2479844687815963,True,4.786503425830204,,0.0,4.786503425830204,,0.0,28.99926949538462,219762.24660024984,12.512927027709665,12.787867222380912,221.63495763079345,544.9762398141313,0.24798446878159633,685.0660070792079,0.3117305259102812,392.5676327107493,0.1786328811175809,True,4.786503425830204,,0.0,True,4.786503425830204,,0.0,True,4.786503425830204,,0.0
614,Wyoming,0.182,1.0969,1.3444,21.9653,25.0227,True,24.0072,1.0154,22.4254,22.5711,208.7227,0.875,0.7164,-0.9686,0.2011,0.3126,1.384,1.5498,10.6003,12.3046,True,11.7493,0.5553,10.6911,10.1895,14.7966,6.25,0.6869,9.5873,0.0308,0.3,9.8123,1.3852,7.083670228125903,18.61254091044332,7.939476061427281,15.824386760769231,253483.96384215585,4.1246312925292665,5.603305893241934,85.21672974735571,193.5207686833949,0.0763443831910014,True,1.5527363021269591,,0.0,1.5527363021269591,,0.0,15.824386760769231,253483.96384215582,4.1246312925292665,5.603305893241934,85.21672974735571,193.52076868339492,0.07634438319100142,444.7937168861574,0.17547213249479165,89.55904741291975,0.035331247805753925,True,1.5527363021269593,,0.0,True,1.5527363021269593,,0.0,True,1.5527363021269593,,0.0
615,Nevada,0.21,1.0461,1.2558,13.8823,16.3533,True,15.2674,1.0859,14.2655,14.5398,421.2237,1.75,0.7026,-0.212,0.7243,0.1907,1.2166,1.4313,20.5935,22.0587,True,22.8163,-0.7575,20.1308,19.3138,39.3682,12.5,0.8323,1.2318,0.6593,0.95,15.5057,1.2411,12.493513818386914,13.022216913521262,15.411653741354014,35.03845642961539,287085.6132423638,22.457010687679865,1.3015682511557902,208.1251515042003,761.58270543422,0.265280693390677,True,5.432957938606873,,0.0,5.432957938606873,,0.0,35.03845642961539,287085.6132423638,22.457010687679862,1.3015682511557902,208.1251515042003,761.58270543422,0.265280693390677,797.2982094714612,0.27772140876957324,300.2070160147097,0.10457055392785168,True,5.432957938606873,,0.0,True,5.432957938606873,,0.0,True,5.432957938606873,,0.0
616,Colorado,0.2016,1.0434,1.263,17.6406,20.3686,True,19.3412,1.0274,18.0733,18.3104,451.1067,0.75,0.6934,-0.1011,0.8948,0.2308,1.2952,1.4563,19.1494,21.3445,True,21.4335,-0.089,18.8291,16.7145,26.7254,6.0,0.7356,8.8592,0.0195,0.6,14.6169,1.2584,11.615464081373172,16.127157561361837,14.656664148870426,52.36988582153846,269201.0746287749,22.39014742261361,13.03828342114068,310.3530541912876,876.7210816318606,0.3256751789868776,True,7.654853840648455,,0.0,7.654853840648455,,0.0,52.36988582153846,269201.0746287749,22.390147422613612,13.038283421140681,310.3530541912876,876.7210816318606,0.3256751789868776,1248.4440645423194,0.4637589453399876,377.21813704321306,0.14012504874410045,True,7.654853840648455,,0.0,True,7.654853840648455,,0.0,True,7.654853840648455,,0.0
617,South Dakota,0.1666,1.0446,1.2822,23.5632,26.8869,True,26.1205,0.7665,24.142,24.4282,462.9477,1.75,0.7275,-0.9466,0.1718,0.418,1.1549,1.2633,9.1303,11.4081,True,11.424,-0.0159,9.3312,9.0664,20.4472,6.125,0.5835,4.011,0.058,0.3,10.3007,1.2128,8.49332124010554,20.96934955545157,9.030396580384703,11.474430053846154,199304.6483055284,2.8606350970466163,2.660345016089125,48.36378579106911,121.95795339577847,0.0611917255481269,True,1.1819466165565309,,0.0,1.1819466165565309,,0.0,11.474430053846154,199304.64830552833,2.8606350970466163,2.6603450160891255,48.363785791069105,121.95795339577847,0.061191725548126914,336.03656565460744,0.1686044798812083,39.58742295073259,0.0198627695276059,True,1.1819466165565309,,0.0,True,1.1819466165565309,,0.0,True,1.1819466165565309,,0.0
618,Nebraska,0.1788,1.0629,1.2939,18.9381,21.7371,True,20.7694,0.9676,19.3758,19.5648,366.8349,1.625,0.7158,-1.0277,0.1718,0.4461,1.1289,1.2338,15.2377,17.5273,True,17.5686,-0.0414,15.5891,15.6279,30.8389,5.875,0.6211,5.1057,0.0036,0.5,11.5094,1.1718,9.821983273596176,16.799675399953628,14.205949100340412,29.711936452307693,200968.3444906312,11.11431841871168,4.454696555179664,136.38457117128817,415.0242461755193,0.2065122480992856,True,3.419665614041901,,0.0,3.419665614041901,,0.0,29.711936452307693,200968.34449063116,11.11431841871168,4.454696555179664,136.38457117128817,415.0242461755193,0.20651224809928564,818.1610401075862,0.4071094092859623,93.807895712249,0.04667794619596032,True,3.4196656140419015,,0.0,True,3.4196656140419015,,0.0,True,3.4196656140419015,,0.0
619,Kansas,0.1884,1.0379,1.2525,15.8501,18.354,True,17.3398,1.0142,16.2422,16.4499,476.1314,1.75,0.7081,-0.3854,0.4275,0.4275,1.252,1.3874,16.1695,17.6737,True,17.2689,0.4048,15.8222,14.8861,25.5942,7.125,0.6691,15.542,0.0,0.3,11.0695,1.2763,8.673117605578625,14.653892215568863,12.7387199077411,39.69663928384615,212824.6641171937,9.2096422501623,9.470312826131805,163.63640646833633,401.691203266728,0.1887427873705151,True,4.39421948552535,,0.0,4.39421948552535,,0.0,39.69663928384615,212824.66411719375,9.209642250162299,9.470312826131803,163.63640646833633,401.69120326672794,0.1887427873705151,1004.2115593101829,0.4718492395962176,147.06699068708951,0.0691024187901952,True,4.39421948552535,,0.0,True,4.39421948552535,,0.0,True,4.39421948552535,,0.0
620,Oklahoma,0.1936,1.0549,1.2693,15.0949,17.4528,True,16.4087,1.044,15.4186,15.4886,391.7158,1.75,0.6952,0.451,0.5085,0.3846,1.2193,1.3672,18.5697,21.4327,True,21.5004,-0.0677,18.9807,18.8951,32.2604,5.625,0.7249,10.1393,0.0,0.6,10.7977,1.23,8.778617886178862,13.749940912313871,15.676345816266824,59.54934617192308,180638.7225200926,25.91337024208416,8.696183877392082,303.17969408661185,950.7408468433928,0.5263217285749133,True,6.429959751605738,,0.0,6.429959751605738,,0.0,59.54934617192308,180638.7225200926,25.913370242084156,8.696183877392082,303.17969408661185,950.7408468433927,0.5263217285749133,1485.6296679438763,0.8224314516942115,241.65493083679786,0.13377803356083764,True,6.429959751605738,,0.0,True,6.429959751605738,,0.0,True,6.429959751605738,,0.0
621,Iowa,0.1658,1.0639,1.3012,20.2783,23.0534,True,22.0437,1.0096,20.7241,20.84,364.8401,1.75,0.7367,0.0067,1.0,0.3751,1.1374,1.2774,18.3847,21.2928,True,21.1163,0.1765,18.8403,19.0636,35.4613,9.25,0.7738,4.426,0.0275,0.35,8.8457,1.1882,7.444622117488639,17.71703043344605,16.668858619069983,47.13605247230769,145448.62683427276,13.49653137524621,11.07911175161126,215.28263379127145,560.6754966909863,0.3854800893581703,True,4.169513793542921,,0.0,4.169513793542921,,0.0,47.13605247230769,145448.62683427276,13.49653137524621,11.07911175161126,215.28263379127145,560.6754966909863,0.3854800893581703,1407.6263115453041,0.9677824687538531,183.24365687605328,0.12598514050245727,True,4.169513793542921,,0.0,True,4.169513793542921,,0.0,True,4.169513793542921,,0.0
622,Missouri,0.1757,1.0542,1.2793,17.6892,20.3037,True,19.5716,0.7321,18.0943,18.2432,408.2714,2.75,0.7156,-0.6823,0.234,0.285,1.1488,1.3256,25.5948,27.6517,True,26.8331,0.8186,25.7947,24.9053,48.6768,7.625,0.7981,-0.9553,0.6277,0.55,14.807,1.2042,12.296130210928418,15.870945048073164,20.85976161738081,79.5421348173077,180474.5905391304,34.228091749668685,17.264714986842453,451.0769870118376,1313.5835415240474,0.7278495757214293,True,11.777803902398752,,0.0,11.777803902398752,,0.0,79.5421348173077,180474.59053913038,34.228091749668685,17.264714986842453,451.0769870118376,1313.5835415240474,0.7278495757214293,2203.8017330933226,1.2211146879513188,422.338596146051,0.23401554472815375,True,11.777803902398752,,0.0,True,11.777803902398752,,0.0,True,11.777803902398752,,0.0
761,Wisconsin,0.1572,1.0527,1.2919,22.7807,26.0039,True,25.344,0.66,23.3377,23.5856,421.093,2.75,0.764,-0.2091,0.7914,0.3126,1.1996,1.3578,13.4298,15.1368,True,14.7444,0.3923,13.5647,13.2118,26.5417,9.0,0.7982,-3.4733,0.1583,0.2,8.1887,1.2812,6.391429909459882,20.128415512036536,11.1480335837384,68.73537866384615,169394.56206274257,12.790001850900996,25.72729738914443,337.41154134279793,683.6063689214775,0.4035586270285787,True,5.62853395264637,,0.0,5.62853395264637,,0.0,68.73537866384615,169394.56206274257,12.790001850900996,25.72729738914443,337.41154134279793,683.6063689214775,0.4035586270285787,2149.4696887265845,1.2689130409808762,340.81841627946744,0.2011979677088044,True,5.62853395264637,,0.0,True,5.62853395264637,,0.0,True,5.62853395264637,,0.0
762,Illinois,0.1687,1.055,1.2848,18.8007,21.3321,True,20.5832,0.7489,19.0932,19.2366,407.4736,2.75,0.7278,-0.028,0.9297,0.3228,1.1703,1.3415,22.3361,25.7492,True,25.6537,0.0955,22.9244,23.0963,42.7077,8.5,0.8061,6.5219,0.0005,0.4,9.7051,1.2046,8.05669931927611,16.603440224159403,19.194334699962727,139.04928036,150152.63531048715,45.33696116194916,35.5406382342975,708.4877707111207,1866.6384210746128,1.2431606126757346,False,,134.73622105927058,4.313059300729435,,134.73622105927058,4.313059300729435,139.04928036,150152.63531048715,45.336961161949155,35.5406382342975,708.4877707111207,1866.6384210746135,1.2431606126757346,4029.6175563722586,2.68368087449133,659.6624908864644,0.43932794753978677,False,,134.73622105927058,4.313059300729435,True,13.49487170821836,,0.0,True,13.49487170821836,,0.0
763,Kentucky,0.1708,1.0552,1.2863,19.373,22.0809,True,21.2688,0.812,19.8033,19.9315,408.9059,3.75,0.7214,-0.1135,0.8948,0.2025,1.5653,1.8941,24.2488,28.1893,True,27.2083,0.981,24.577,23.967,37.0321,11.875,0.9194,-8.1892,0.0063,0.45,13.9037,1.4136,9.83566779852858,17.16621316955609,14.882688348028088,81.6534179073077,104577.02883944726,34.715341850328684,35.787755428476004,617.6071321623291,1515.0556159623827,1.4487460896296682,False,,79.672533634431,1.980884272876693,,79.672533634431,1.980884272876693,81.6534179073077,104577.02883944726,34.715341850328684,35.787755428476004,617.6071321623291,1515.0556159623827,1.4487460896296682,2339.9329383385616,2.237520958767114,871.8627817702886,0.8337039132263195,False,,79.672533634431,1.9808842728766933,True,11.35284626557834,,0.0,True,11.35284626557834,,0.0
764,Arkansas,0.1828,1.0497,1.2666,16.5691,19.0117,True,18.0097,1.002,16.9159,16.982,425.5271,1.875,0.7078,0.301,0.7576,0.1967,1.2855,1.5379,27.4588,32.1781,True,31.3946,0.7835,28.2828,28.6435,52.2614,12.75,0.9199,-13.2223,0.0004,0.4,13.3184,1.334,9.983808095952025,15.010026843518082,20.92340204174524,46.55943077230769,137541.68804228128,15.514692967401674,21.62749777153807,325.3655908731122,733.4314099621032,0.533242990108309,True,6.200971227979028,,0.0,6.200971227979028,,0.0,46.55943077230769,137541.68804228128,15.514692967401674,21.62749777153807,325.3655908731122,733.4314099621032,0.533242990108309,1227.5680979829435,0.8925062033596538,415.55383336892044,0.3021293684000565,True,6.200971227979028,,0.0,True,6.200971227979028,,0.0,True,6.200971227979028,,0.0
765,Tennessee,0.178,1.0526,1.2744,17.7363,20.2718,True,19.3263,0.9455,18.1025,18.1738,417.113,1.75,0.7212,0.018,0.9648,0.1819,1.6079,1.9887,28.7059,33.6177,True,32.4069,1.2107,29.3433,28.8899,43.7915,13.75,0.9249,-16.993,0.0003,0.55,13.2384,1.3716,9.651793525809277,15.906936597614564,16.90435963192035,100.15878850269232,109298.74714649834,48.4568434602259,38.79647319870152,764.3390539322041,2003.1928473278783,1.832768352452296,False,,74.95644178189643,25.202346720795887,,74.95644178189643,25.202346720795887,100.15878850269232,109298.74714649834,48.4568434602259,38.79647319870152,764.3390539322041,2003.1928473278786,1.8327683524522962,2728.660237798452,2.4965155676863318,1250.0331526887937,1.143684795410614,False,,74.95644178189643,25.202346720795887,True,13.25942105714042,,0.0,True,13.25942105714042,,0.0
766,West Virginia,0.1617,1.0655,1.3062,21.9487,25.0013,True,24.403,0.5983,22.4501,22.6172,366.8029,2.0,0.7276,-0.6596,0.7243,0.1576,1.4667,1.8146,23.9173,28.8101,True,27.6544,1.1556,24.7685,25.2215,42.5243,17.75,0.9415,-24.296,0.0002,0.45,12.2846,1.4064,8.734783845278725,19.14048384627163,15.876832359748704,31.53606631769231,62735.35293126232,14.090122394719565,17.669275735679427,278.2123276222952,646.3635038474465,1.030301853176234,False,,43.04789274373552,0.0,,43.04789274373552,0.0,31.53606631769231,62735.35293126232,14.090122394719565,17.669275735679427,278.21232762229516,646.3635038474465,1.030301853176234,969.3526878177379,1.5451458269149059,414.50340973683785,0.6607174270478715,False,,43.047892743735524,0.0,True,3.874079602863229,,0.0,True,3.874079602863229,,0.0
767,Indiana,0.1664,1.0506,1.2831,20.7493,23.0034,True,22.2179,0.7855,20.9085,20.8105,432.1554,3.75,0.7344,-0.1548,0.8255,0.2864,1.1871,1.3752,24.2924,28.2407,True,27.9721,0.2686,24.9784,25.2345,51.3706,10.625,0.8653,10.3631,0.0001,0.5,8.3391,1.228,6.790798045602606,17.927986906710313,20.53570389761489,102.56240765576923,94332.25305975754,43.20153224655497,25.100331584590595,598.3243271608352,1691.0543907310716,1.7926576922315465,False,,70.25693591535762,32.30547174041162,,70.25693591535762,32.30547174041162,102.56240765576923,94332.25305975754,43.20153224655497,25.100331584590595,598.3243271608352,1691.0543907310716,1.7926576922315463,3009.3314889009057,3.1901405842544186,562.1820194646416,0.5959594955380859,False,,70.25693591535762,32.30547174041162,True,8.552781736822253,,0.0,True,8.552781736822253,,0.0
